Date,Predicted_DJA,Predicted_GSPC,Predicted_IXIC,Predicted_NYA,Actual_DJA,Actual_GSPC,Actual_IXIC,Actual_NYA,DJA_Adjusted_Close,GSPC_Adjusted_Close,IXIC_Adjusted_Close,NYA_Adjusted_Close
2023-01-03,0.0021923408,0.001406379,0.0015028492,0.0015505105,0.008276662,0.0075107003,0.006886739,0.012840773,10967.4297,3824.1399,10386.9805,15154.4502
2023-01-04,0.002167426,0.0013804659,0.0014648065,0.0015299618,-0.013092419,-0.011713876,-0.014787363,-0.008169892,11058.5801,3852.97,10458.7598,15350.2998
2023-01-05,0.0020925328,0.0013255924,0.0013999566,0.0014721006,0.024329742,0.02258384,0.025300104,0.020435514,10914.7402,3808.1001,10305.2402,15225.4004
2023-01-06,0.002011396,0.0012802631,0.0013568103,0.0014348701,0.0017688742,-0.0007679298,0.006258977,-0.0016293977,11183.5498,3895.0801,10569.29,15539.7402
2023-01-09,0.0018663257,0.0011940822,0.0012824535,0.0013403893,0.0044175293,0.0069539947,0.010008326,0.00602326,11203.3496,3892.0901,10635.6504,15514.4404
2023-01-10,0.0016574487,0.0010686293,0.001175642,0.0012153685,0.010890474,0.012767569,0.017444143,0.008988084,11252.9502,3919.25,10742.6299,15608.1699
2023-01-11,0.0014247224,0.0009217188,0.0010451227,0.0010614097,0.004385522,0.0034100814,0.0063311597,0.006989257,11376.1699,3969.6101,10931.6699,15749.0898
2023-01-12,0.0011857152,0.00076594204,0.00091181695,0.0008955449,0.0004532163,0.0039889007,0.0070706527,0.0037019646,11426.1699,3983.1699,11001.0996,15859.5498
2023-01-13,0.00096774846,0.00062619895,0.0007880181,0.00073917955,-0.0071567716,-0.0020325512,0.0014386226,-0.0021892076,11431.3496,3999.0901,11079.1602,15918.3701
2023-01-17,0.0008092001,0.0005339384,0.0007105544,0.00062631816,-0.015610412,-0.015684975,-0.012525091,-0.014869269,11349.8301,3990.97,11095.1104,15883.5596
2023-01-18,0.0007034689,0.00048145652,0.0006778985,0.00055704266,-0.009238943,-0.0076676696,-0.009605187,-0.0050931023,11174.0303,3928.8601,10957.0098,15649.1299
2023-01-19,0.0006642565,0.00048343092,0.0006994158,0.0005501583,0.011635338,0.018741671,0.026206577,0.013265816,11071.2695,3898.8501,10852.2695,15569.6299
2023-01-20,0.0006780848,0.0005193278,0.0007653609,0.00058404356,0.0084537,0.011811328,0.019905753,0.00647808,11200.8398,3972.6101,11140.4297,15777.5498
2023-01-23,0.0006844178,0.00053509325,0.0007985532,0.00059170276,0.00047710232,-0.0007117545,-0.0026557243,-0.0007477627,11295.9297,4019.8101,11364.4102,15880.0898
2023-01-24,0.0006693378,0.00053201616,0.0008030385,0.000583373,-0.0035270404,-0.00018174644,-0.0018464719,0.0013256591,11301.3203,4016.95,11334.2695,15868.2197
2023-01-25,0.00064976513,0.0005266741,0.0008023679,0.0005744621,0.004322144,0.010947693,0.017441237,0.006061206,11261.5303,4016.22,11313.3604,15889.2695
2023-01-26,0.0006372556,0.0005247146,0.0008034706,0.00056356937,0.0042288257,0.002491752,0.009449299,-0.001457974,11310.3096,4060.4299,11512.4102,15985.8701
2023-01-27,0.00061974674,0.00051330775,0.00079233944,0.0005398765,-0.011210466,-0.013053584,-0.01980471,-0.009041786,11358.2402,4070.5601,11621.71,15962.5801
2023-01-30,0.0006019473,0.0005024597,0.00078401715,0.00052316487,0.016612148,0.01453631,0.016602106,0.013655037,11231.6201,4017.77,11393.8096,15818.9004
2023-01-31,0.000621289,0.0005270019,0.0008166656,0.0005493164,0.010675136,0.010398065,0.019809356,0.005277788,11419.7598,4076.6001,11584.5498,16036.3896
2023-02-01,0.0006372854,0.0005376041,0.00082713366,0.00054901093,0.007798966,0.014592383,0.032021534,8.250261e-05,11542.3203,4119.21,11816.3203,16121.25
2023-02-02,0.0006133318,0.00051707774,0.0007971525,0.00052143633,-0.0076811975,-0.010408596,-0.01601752,-0.0076695336,11632.6904,4179.7598,12200.8203,16122.5801
2023-02-03,0.0005616322,0.00047963113,0.0007465035,0.00047703832,-0.0023451638,-0.0061593927,-0.010002427,-0.0065239784,11543.6797,4136.48,12006.9502,15999.4004
2023-02-06,0.00051311404,0.0004490465,0.00071540475,0.00044734776,0.006407544,0.012790359,0.018861234,0.007911799,11516.6396,4111.0801,11887.4502,15895.3604
2023-02-07,0.0004967004,0.00044415146,0.0007138923,0.00043399632,-0.0076743406,-0.011142564,-0.016922472,-0.0054387087,11590.6699,4164.0,12113.79,16021.6201
2023-02-08,0.0004935935,0.0004421696,0.0007143989,0.00042357296,-0.012321194,-0.008869018,-0.010205902,-0.0066819526,11502.0596,4117.8599,11910.5195,15934.7197
2023-02-09,0.00051442534,0.0004605055,0.0007389784,0.00044811517,0.0050596837,0.0021928654,-0.0060797287,0.0051728305,11361.21,4081.5,11789.5801,15828.5996
2023-02-10,0.0005781278,0.00051986426,0.00080791116,0.00051689893,0.009919263,0.011383551,0.0147118755,0.008857791,11418.8398,4090.46,11718.1201,15910.6904
2023-02-13,0.0006524101,0.00057666004,0.0008763224,0.00058022887,-0.00055165496,-0.00028044026,0.0057320776,-0.0016921347,11532.6699,4137.29,11891.79,16052.25
2023-02-14,0.00068790466,0.0005909279,0.00088609755,0.00059696287,0.0022610286,0.002769334,0.009191575,-0.00056306255,11526.3096,4136.1299,11960.1504,16025.1104
2023-02-15,0.00070469826,0.00059591234,0.0008816123,0.0006076768,-0.011880016,-0.013884692,-0.01795216,-0.008925119,11552.4004,4147.6001,12070.5898,16016.0898
2023-02-16,0.0007030815,0.0005885288,0.0008677691,0.00060442835,0.0023789632,-0.0027712362,-0.005799645,-0.0021202103,11415.9697,4090.4099,11855.8301,15873.7803
2023-02-17,0.00072200596,0.0006066635,0.00088982284,0.0006272942,-0.02347687,-0.020244785,-0.025342865,-0.017040709,11443.1602,4079.0901,11787.2695,15840.1602
2023-02-21,0.0007630214,0.00063929707,0.0009222403,0.0006522089,-0.003866922,-0.0015748107,0.0012844267,-0.0026807033,11177.6396,3997.3401,11492.2998,15572.5195
2023-02-22,0.00089805573,0.0007442683,0.0010274202,0.0007658452,0.004101309,0.005315298,0.007215549,0.0034773154,11134.5,3991.05,11507.0703,15530.8301
2023-02-23,0.0011384711,0.000910677,0.0011885613,0.00093364716,-0.0076200347,-0.010593482,-0.017007772,-0.0077599143,11180.2598,4012.3201,11590.4004,15584.9297
2023-02-24,0.0013902262,0.0010627657,0.001327455,0.0010910183,0.0041211755,0.0030683049,0.0063022124,0.0018392835,11095.3896,3970.04,11394.9404,15464.46
2023-02-27,0.0016211346,0.0011877567,0.0014260709,0.0012303963,-0.008389672,-0.003040623,-0.0009981887,-0.00413688,11141.21,3982.24,11466.9805,15492.9297
2023-02-28,0.0017920434,0.001268886,0.0014728159,0.001319848,-0.0015353925,-0.0047364617,-0.006661678,0.000474974,11048.1299,3970.1499,11455.54,15428.9697
2023-03-01,0.0018911734,0.0013088658,0.0014891103,0.0013715103,0.013108201,0.0075535923,0.0073109786,0.0056988117,11031.1797,3951.3899,11379.4805,15436.2998
2023-03-02,0.0019600466,0.0013355389,0.0015002191,0.0014104173,0.010142729,0.01601875,0.01952631,0.012580512,11176.7305,3981.3501,11462.9805,15524.5195
2023-03-03,0.0019996017,0.0013466775,0.0014882162,0.0014254898,-0.0013427524,0.00068692357,-0.001135865,-0.0017010643,11290.6699,4045.6399,11689.0098,15721.0596
2023-03-06,0.0019719824,0.001304619,0.0014101416,0.0013856664,-0.016052881,-0.015445589,-0.012532239,-0.016402086,11275.5195,4048.4199,11675.7402,15694.3398
2023-03-07,0.00192222,0.0012502521,0.0013298839,0.0013453439,0.0016442644,0.001413796,0.0039530257,0.00010492992,11095.96,3986.3701,11530.3301,15439.0195
2023-03-08,0.0018830374,0.0012105629,0.0012687892,0.0013230667,-0.01686773,-0.018631848,-0.02074324,-0.019610543,11114.2197,3992.01,11576.0,15440.6396
2023-03-09,0.001850307,0.0011707619,0.0012246892,0.0012928098,-0.015513712,-0.014583974,-0.017748198,-0.016421894,10928.3203,3918.3201,11338.3496,15140.79
2023-03-10,0.0018735155,0.0011739209,0.0012431592,0.0013201311,-0.004192711,-0.0015109075,0.0044742823,-0.00875368,10760.0898,3861.5901,11138.8896,14894.18
2023-03-13,0.0019782856,0.0012396947,0.0013124123,0.0014155656,0.0068638665,0.016342381,0.02116281,0.0121425595,10715.0703,3855.76,11188.8398,14764.3701
2023-03-14,0.0020627752,0.0012970492,0.0014049709,0.0014954954,-0.0058117625,-0.0070053623,0.0005160833,-0.019062802,10788.8701,3919.29,11428.1504,14944.7402
2023-03-15,0.0020584986,0.0012993068,0.0014376864,0.0015023425,0.01131525,0.017409576,0.024468973,0.01142166,10726.3496,3891.9299,11434.0498,14662.5498
2023-03-16,0.001986429,0.0012693331,0.0014209598,0.0014757812,-0.012135063,-0.011080612,-0.0074329004,-0.015761826,10848.4102,3960.28,11717.2803,14830.9805
2023-03-17,0.0018517971,0.0011884868,0.0013459772,0.0013801232,0.00809406,0.0088788755,0.0038642546,0.012162857,10717.5596,3916.6399,11630.5098,14599.0498
2023-03-20,0.0016202852,0.0010815933,0.0012486503,0.0012575313,0.006794304,0.012898635,0.015684647,0.013993807,10804.6602,3951.5701,11675.54,14777.7002
2023-03-21,0.0014015064,0.0009635836,0.0011746883,0.0011207908,-0.018091915,-0.016600236,-0.016162684,-0.016474947,10878.3203,4002.8701,11860.1104,14985.9502
2023-03-22,0.0012057051,0.00085017085,0.0010928437,0.000977993,-0.00032676014,0.002980084,0.01001318,-0.0032656437,10683.2803,3936.97,11669.96,14741.0801
2023-03-23,0.0010845214,0.0008085668,0.0010672212,0.0009107962,0.0071542356,0.005623958,0.003096783,0.004451434,10679.79,3948.72,11787.4004,14693.0195
2023-03-24,0.0010173395,0.00078139454,0.0010553524,0.0008620098,0.00734065,0.0016455897,-0.0046726377,0.009191537,10756.4697,3970.99,11823.96,14758.5703
2023-03-27,0.0009513423,0.00073548406,0.0010178685,0.000799112,0.00052871293,-0.0015750808,-0.004493078,0.003652305,10835.7197,3977.53,11768.8398,14894.8496
2023-03-28,0.00089954585,0.0007005036,0.000980407,0.000751704,0.010733203,0.014136886,0.017778765,0.011612447,10841.4502,3971.27,11716.0801,14949.3496
2023-03-29,0.00088763237,0.0007005781,0.0009761527,0.00074623525,0.0042606876,0.0056989943,0.007287464,0.0050539887,10958.4404,4027.8101,11926.2402,15123.96
2023-03-30,0.00086388737,0.0006803721,0.0009383634,0.0007130578,0.014306601,0.014333333,0.017201765,0.011402743,11005.2305,4050.8301,12013.4697,15200.5898
2023-03-31,0.00085333735,0.0006653294,0.0008999109,0.0006900802,0.0017282468,0.003692021,-0.002659419,0.0073130485,11163.8096,4109.3101,12221.9102,15374.9102
2023-04-03,0.0007997602,0.00061531365,0.0008289814,0.0006291047,-0.0074586426,-0.0058138473,-0.0051917103,-0.00736507,11183.1201,4124.5098,12189.4502,15487.7598
2023-04-04,0.0007291958,0.0005562231,0.0007626265,0.0005648434,0.0029703986,-0.0024954781,-0.010734147,-0.00038062126,11100.0195,4100.6001,12126.3301,15374.1104
2023-04-05,0.00067569315,0.0005145669,0.00072431564,0.0005212724,0.0021202527,0.003572764,0.0075649335,0.0007070584,11133.04,4090.3799,11996.8604,15368.2598
2023-04-06,0.00064272434,0.00049237907,0.0007104054,0.0004943311,0.0060479734,0.0009958207,-0.00029782826,0.0031194803,11156.6699,4105.02,12087.96,15379.1299
2023-04-10,0.0006290078,0.0004800707,0.0007006973,0.00047867,0.004937795,-4.1372346e-05,-0.0043523023,0.0060579157,11224.3496,4109.1099,12084.3604,15427.1797
2023-04-11,0.0006375089,0.00048255175,0.00070481,0.00048593432,-0.003661912,-0.004143434,-0.008558891,-0.0012887821,11279.9102,4108.9399,12031.8799,15520.9199
2023-04-12,0.0006537661,0.00049043447,0.0007162243,0.0005014241,0.006041199,0.013175495,0.019666433,0.008349056,11238.6797,4091.95,11929.3398,15500.9297
2023-04-13,0.00067869574,0.0005069226,0.00073159486,0.00052627176,-0.0031490666,-0.0020715229,-0.003524109,-0.0018640294,11306.7803,4146.2202,12166.2695,15630.8896
2023-04-14,0.0006949827,0.0005104467,0.00073530525,0.0005334765,0.004087894,0.0033007066,0.0028211158,0.0042570736,11271.2305,4137.6401,12123.4697,15601.7803
2023-04-17,0.00072009116,0.0005220473,0.0007477999,0.00055291504,-0.0009769204,0.0008548565,-0.00035452898,0.0010601884,11317.4004,4151.3198,12157.7197,15668.3398
2023-04-18,0.0007592365,0.00054690987,0.00077041984,0.00057350844,0.0021125257,-8.426611e-05,0.00031429037,-0.0020000848,11306.3496,4154.8701,12153.4102,15684.96
2023-04-19,0.0008026734,0.00057433546,0.0007931441,0.00060162693,-0.0016933624,-0.0059703398,-0.008066422,-0.0045254547,11330.2598,4154.52,12157.2305,15653.6201
2023-04-20,0.0008263439,0.0005848855,0.00080119073,0.00061400235,0.00014408714,0.000902786,0.0010691523,-0.00025741075,11311.0898,4129.79,12059.5596,15582.9404
2023-04-21,0.00083792955,0.00058981776,0.0008096099,0.0006246343,0.0028520592,0.00085121207,-0.002924954,0.0017816089,11312.7197,4133.52,12072.46,15578.9297
2023-04-24,0.00084652007,0.0005958304,0.0008187741,0.00063397735,-0.015754966,-0.01593717,-0.019973513,-0.015704412,11345.0303,4137.04,12037.2002,15606.71
2023-04-25,0.00086809695,0.000611797,0.000835225,0.00065421313,-0.016637078,-0.0038485853,0.0046664956,-0.008822607,11167.6904,4071.6299,11799.1602,15363.5303
2023-04-26,0.0009499714,0.0006760955,0.0009000674,0.0007288009,0.017355794,0.019377192,0.023995444,0.01324599,10983.4297,4055.99,11854.3496,15228.5801
2023-04-27,0.0010546669,0.00075663626,0.0009845644,0.00081810355,0.008442463,0.008219335,0.0069219796,0.007375724,11175.7197,4135.3501,12142.2402,15431.6396
2023-04-28,0.0011731759,0.0008264035,0.0010483637,0.00088825077,0.002009422,-0.00038618984,-0.0011441057,-0.0006428399,11270.4697,4169.48,12226.5801,15545.8799
2023-05-01,0.0012582019,0.0008672103,0.0010750741,0.0009358004,-0.011571877,-0.011653897,-0.010874779,-0.014327274,11293.1396,4167.8701,12212.5996,15535.8896
2023-05-02,0.0013417676,0.0009106174,0.0010948777,0.0009868369,-0.0047644093,-0.0070229135,-0.004578127,-0.0053056325,11163.21,4119.5801,12080.5098,15314.8896
2023-05-03,0.0014283583,0.0009484142,0.0011123419,0.0010381117,-0.007029967,-0.0072449064,-0.004912511,-0.0076556476,11110.1504,4090.75,12025.3301,15233.8496
2023-05-04,0.0015036091,0.0009817705,0.0011326075,0.0010806248,0.016241943,0.018306158,0.022231467,0.017260285,11032.3203,4061.22,11966.4004,15117.6699
2023-05-05,0.0015676469,0.001014933,0.0011755377,0.00112582,-0.0034447566,0.00045202233,0.0017564442,0.0006758971,11212.9697,4136.25,12235.4102,15380.8701
2023-05-08,0.0015796795,0.0010209307,0.0011935532,0.0011291429,-0.0021178515,-0.00458994,-0.006332368,-0.00250194,11174.4102,4138.1201,12256.9199,15391.2695
2023-05-09,0.0015717968,0.0010232106,0.0012034327,0.0011349916,-0.00023044115,0.0044739386,0.010364436,-0.00023709872,11150.7695,4119.1699,12179.5498,15352.8096
2023-05-10,0.0015415624,0.0010108128,0.0011935681,0.001121223,-0.007020351,-0.0016980602,0.001791715,-0.0056251897,11148.2002,4137.6401,12306.4404,15349.1699
2023-05-11,0.001451619,0.0009583682,0.001140885,0.0010627061,-0.00071480375,-0.0015845521,-0.0035565922,-0.0010953925,11070.21,4130.6201,12328.5098,15263.0703
2023-05-12,0.0013828576,0.00091511756,0.0010986552,0.001018621,1.7211463e-05,0.002953796,0.006529026,0.004985414,11062.2998,4124.0801,12284.7402,15246.3604
2023-05-15,0.0013913959,0.0009259954,0.0011175945,0.0010288507,-0.013229794,-0.006398112,-0.0017937488,-0.01269627,11062.4902,4136.2798,12365.21,15322.5596
2023-05-16,0.0014422312,0.0009602681,0.0011539534,0.0010567456,0.01265654,0.011820684,0.012681132,0.012132256,10917.0996,4109.8999,12343.0498,15129.25
2023-05-17,0.0015020669,0.0009934828,0.0011830255,0.0010908917,0.002615932,0.009400726,0.014948584,0.002055478,11056.1504,4158.77,12500.5703,15313.9199
2023-05-18,0.001516141,0.0009895712,0.0011712834,0.0010806024,-0.004052372,-0.0014469081,-0.0024412936,-0.0013765618,11085.1104,4198.0498,12688.8398,15345.4297
2023-05-19,0.0014434382,0.0009274408,0.0011050552,0.0010230765,-0.0017306104,0.00015502212,0.0049553425,-0.00035705836,11040.2803,4191.98,12657.9004,15324.3203
2023-05-22,0.0013606697,0.00086960196,0.0010539666,0.0009713769,-0.0052226796,-0.011285468,-0.012699835,-0.009614684,11021.1904,4192.6299,12720.7803,15318.8496
2023-05-23,0.00130447,0.0008384511,0.0010257438,0.00093719363,-0.009528358,-0.0073455265,-0.0060764086,-0.009894376,10963.7803,4145.5801,12560.25,15172.2695
2023-05-24,0.0012846664,0.0008341223,0.0010255352,0.00093150884,0.0012708994,0.008719468,0.016990917,-0.0031281149,10859.8096,4115.2402,12484.1602,15022.8896
2023-05-25,0.0013166517,0.00084715337,0.0010683611,0.0009472221,0.005953547,0.012964679,0.021626065,0.006835619,10873.6201,4151.2798,12698.0898,14975.9697
2023-05-26,0.0013796389,0.00088795274,0.0011108965,0.0009756759,8.320684e-05,1.6597372e-05,0.0032115679,-0.005589738,10938.5498,4205.4502,12975.6904,15078.6904
2023-05-30,0.0014092997,0.00089802593,0.0011075437,0.0009804815,-0.006185759,-0.006127348,-0.0063299704,-0.0071950513,10939.46,4205.52,13017.4297,14994.6396
2023-05-31,0.0014071167,0.000891529,0.0010858327,0.0009802878,0.004631431,0.0098062055,0.01272784,0.009622984,10872.0,4179.8301,12935.29,14887.1396
2023-06-01,0.0013409853,0.0008559972,0.0010488257,0.0009563044,0.019085249,0.014429813,0.010613593,0.020681387,10922.4697,4221.02,13100.9805,15031.0898
2023-06-02,0.001237452,0.0007984042,0.0009984374,0.0008999184,-0.0059839436,-0.0020055966,-0.00085679756,-0.004570843,11132.9297,4282.3701,13240.7695,15345.1904
2023-06-05,0.0011288598,0.00073666126,0.00093981624,0.0008285567,0.0012904503,0.00235114,0.0035456512,0.007603634,11066.5098,4273.79,13229.4297,15275.21
2023-06-06,0.00107418,0.00071213394,0.00091513246,0.0007997602,0.0105365,-0.0038192992,-0.013003285,0.0050438535,11080.7998,4283.8501,13276.4199,15391.7998
2023-06-07,0.0010125563,0.00067965686,0.00088226795,0.0007573813,0.0032407735,0.006169582,0.010144487,0.0021315657,11198.1699,4267.52,13104.9004,15469.6299
2023-06-08,0.0009126067,0.0006235689,0.0008318946,0.0006882474,-0.003054162,0.001147404,0.0015563718,-0.00017607585,11234.5195,4293.9302,13238.5195,15502.6396
2023-06-09,0.0007986948,0.0005550608,0.0007703006,0.0006073639,0.0041439575,0.009277972,0.015177855,0.003127992,11200.2598,4298.8599,13259.1396,15499.9102
2023-06-12,0.0007156879,0.0005090162,0.00073455274,0.0005536303,0.0050199884,0.006908573,0.008241172,0.00764479,11246.7695,4338.9302,13461.9199,15548.4697
2023-06-13,0.000659205,0.00047578663,0.00071021914,0.0005114302,-0.00041590937,0.0008190721,0.0039088717,-0.0016007083,11303.3701,4369.0098,13573.3203,15667.79
2023-06-14,0.0006170422,0.00045122206,0.0006919354,0.0004785955,0.013070657,0.01210458,0.0114079155,0.011669943,11298.6699,4372.5898,13626.4805,15642.7305
2023-06-15,0.00057448447,0.00042839348,0.0006733686,0.0004505068,-0.0027546703,-0.0036783766,-0.00678866,-0.0019752092,11447.3203,4425.8398,13782.8203,15826.3496
2023-06-16,0.0005431473,0.00040908158,0.00065748394,0.00042405725,-0.006569457,-0.004746335,-0.0016288642,-0.0092991395,11415.8301,4409.5898,13689.5703,15795.1201
2023-06-20,0.00052551925,0.00040975958,0.0006616488,0.00041494519,-0.0005901091,-0.0052591045,-0.012152737,0.0005162027,11341.0801,4388.71,13667.29,15648.9199
2023-06-21,0.00050800294,0.00041010976,0.0006720871,0.00041262805,1.2413472e-05,0.0037039316,0.009465379,-0.0036023036,11334.3896,4365.6899,13502.2002,15657.0
2023-06-22,0.00053456426,0.00044195354,0.0007032603,0.00043652207,-0.0080298735,-0.0076882746,-0.010182608,-0.008455177,11334.5303,4381.8901,13630.6104,15600.7002
2023-06-23,0.0005790144,0.0004708618,0.00072389096,0.0004626885,0.004425504,-0.004496945,-0.011684749,0.0031877176,11243.8799,4348.3301,13492.5195,15469.3496
2023-06-26,0.00062005967,0.0005069524,0.00076247007,0.0005044192,0.011550102,0.011390749,0.016354231,0.008210396,11293.75,4328.8198,13335.7803,15518.7402
2023-06-27,0.00068090856,0.0005462393,0.0008122325,0.00055608153,-0.0011350033,-0.000354141,0.0026580885,-0.0018755931,11424.9502,4378.4102,13555.6699,15646.6797
2023-06-28,0.00076099485,0.00058909506,0.0008413866,0.0005985424,0.006680263,0.00446355,-3.0894218e-05,0.007655626,11411.9902,4376.8599,13591.75,15617.3604
2023-06-29,0.00084652007,0.000627242,0.0008605197,0.0006430447,0.0064689666,0.012194363,0.014360743,0.0087641105,11488.4805,4396.4399,13591.3301,15737.3799
2023-06-30,0.0009282306,0.00066033006,0.0008743927,0.00067934394,0.0025488287,0.0011699795,0.0020901964,0.0026790763,11563.04,4450.3799,13787.9199,15875.9102
2023-07-03,0.0009734109,0.0006675646,0.00086288154,0.0006885305,-0.0024191134,-0.0019702537,-0.00181967,-0.0052257865,11592.5498,4455.5898,13816.7695,15918.5
2023-07-05,0.0010116175,0.0006658435,0.00084843487,0.00069499016,-0.010159959,-0.007954066,-0.008198631,-0.012317668,11564.54,4446.8198,13791.6504,15835.5303
2023-07-06,0.0010311082,0.0006653145,0.00084142387,0.0007027164,-0.0010575105,-0.0028692018,-0.0013401948,0.0019135645,11447.6396,4411.5898,13679.04,15641.6699
2023-07-07,0.0010152236,0.00065663457,0.00084190816,0.00071216375,0.006107789,0.002402141,0.0018109139,0.004916558,11435.54,4398.9502,13660.7197,15671.6299
2023-07-10,0.0009918958,0.00064860284,0.00085648894,0.00072073936,0.011118653,0.0067195883,0.0054812646,0.009381264,11505.5996,4409.5298,13685.4805,15748.8701
2023-07-11,0.00096675754,0.0006431192,0.00086595863,0.00072179735,0.0028092552,0.007383907,0.011435222,0.007143605,11634.2402,4439.2598,13760.7002,15897.3096
2023-07-12,0.0009232387,0.00061941147,0.0008460507,0.0006971136,0.001349979,0.008434464,0.015654605,0.00595113,11666.9697,4472.1602,13918.96,16011.2803
2023-07-13,0.00087366253,0.00059084594,0.000815548,0.0006650537,-0.00018065902,-0.0010249284,-0.0017605739,-0.00414465,11682.7305,4510.04,14138.5703,16106.8496
2023-07-14,0.0008113682,0.00055053085,0.0007751435,0.0006206557,-0.0003544618,0.0038479657,0.009256501,0.00086865004,11680.6201,4505.4199,14113.7002,16040.2305
2023-07-17,0.0007614419,0.00051987916,0.00074604154,0.0005862266,0.01095757,0.00709208,0.007601069,0.0063544293,11676.4805,4522.79,14244.9502,16054.1699
2023-07-18,0.00075629354,0.0005148873,0.0007389933,0.0005742982,0.0055036484,0.0023551274,0.00030509557,0.0045962697,11805.1299,4554.98,14353.6396,16156.5098
2023-07-19,0.00075782835,0.0005082935,0.000734441,0.0005607158,0.0049069156,-0.006779828,-0.020739386,0.0020169234,11870.2803,4565.7202,14358.0195,16230.9404
2023-07-20,0.00074791163,0.0004969686,0.00072541833,0.00054516643,0.0011956044,0.00032403617,-0.0021711192,0.001561161,11928.6699,4534.8701,14063.3096,16263.71
2023-07-21,0.000746496,0.00050137937,0.00072898716,0.00054492056,0.002063525,0.00402604,0.0018553898,0.004900424,11942.9404,4536.3398,14032.8096,16289.1201
2023-07-24,0.0007530749,0.0005142614,0.0007346347,0.0005508065,0.00044355742,0.0028107362,0.006076549,0.0009788208,11967.6104,4554.6401,14058.8701,16369.1396
2023-07-25,0.00076853484,0.00052431226,0.0007360503,0.0005565211,0.009172771,-0.00015545954,-0.0012223684,0.0020144882,11972.9199,4567.46,14144.5596,16385.1699
2023-07-26,0.00079301745,0.00053372234,0.00073829293,0.0005642772,-0.009714992,-0.006445383,-0.005477448,-0.009031366,12083.25,4566.75,14127.2803,16418.2109
2023-07-27,0.0008237511,0.0005444512,0.00074250996,0.000572674,0.0078022704,0.00982937,0.018793656,0.005678792,11966.4297,4537.4102,14050.1104,16270.5996
2023-07-28,0.0008489266,0.0005583912,0.0007573664,0.00059155375,3.9749924e-05,0.0014676397,0.0020486088,0.003905356,12060.1602,4582.23,14316.6602,16363.2598
2023-07-31,0.000863269,0.00056072325,0.0007599294,0.00059648603,-0.001929619,-0.0026686497,-0.004338774,-0.0043179505,12060.6396,4588.96,14346.0195,16427.2891
2023-08-01,0.00086110085,0.00055538863,0.0007600188,0.0005969405,-0.0081804255,-0.013936213,-0.021974629,-0.01118757,12037.3896,4576.73,14283.9102,16356.5098
2023-08-02,0.00087575614,0.00056892633,0.00077611953,0.0006150976,-0.0042395922,-0.0025512255,-0.0009830965,-0.0030414984,11939.3203,4513.3901,13973.4502,16174.54
2023-08-03,0.00093296915,0.0006266162,0.0008417368,0.0006797388,-0.0053190594,-0.005314158,-0.0036226364,-0.0033767885,11888.8096,4501.8901,13959.7197,16125.4199
2023-08-04,0.0009819046,0.0006792024,0.0009000823,0.0007352233,0.008309048,0.0089836065,0.0061038965,0.008499054,11825.7402,4478.0298,13909.2402,16071.0596
2023-08-07,0.0010294393,0.00072717667,0.00095678866,0.00079280883,-0.0036933676,-0.004227192,-0.007897111,-0.0019688944,11924.4102,4518.4399,13994.4004,16208.2305
2023-08-08,0.0011079833,0.0007861182,0.0010074079,0.0008525625,-0.005545458,-0.007063614,-0.011758362,-0.0025117586,11880.4502,4499.3799,13884.3203,16176.3496
2023-08-09,0.0012490079,0.0008844286,0.0010924637,0.0009520799,0.0018426061,0.00025067868,0.0011631971,-3.4073946e-05,11814.75,4467.71,13722.0195,16135.7695
2023-08-10,0.0014258474,0.0010014176,0.001196079,0.0010699183,0.0018231608,-0.0010702709,-0.006802871,0.00050561054,11836.54,4468.8301,13737.9902,16135.2197
2023-08-11,0.0015753135,0.0010885298,0.0012691095,0.001157552,0.00018470838,0.0057340027,0.010460458,-0.0016943949,11858.1396,4464.0498,13644.8496,16143.3799
2023-08-14,0.0016860068,0.0011461526,0.0013181269,0.0012212992,-0.013170276,-0.011618128,-0.011472326,-0.0127855055,11860.3301,4489.7202,13788.3301,16116.0498
2023-08-15,0.0017526001,0.0011740327,0.0013397858,0.0012537837,-0.0051949844,-0.007584085,-0.011541613,-0.0058746403,11705.1504,4437.8599,13631.0498,15911.3096
2023-08-16,0.0018158183,0.001202926,0.001368396,0.0012975633,-0.008354601,-0.0077428077,-0.011772515,-0.005307391,11644.5,4404.3301,13474.6299,15818.1104
2023-08-17,0.0018747002,0.0012394562,0.001391083,0.0013396665,0.0019396347,-0.00014871734,-0.0019655512,0.0010030317,11547.6201,4370.3599,13316.9297,15734.3799
2023-08-18,0.0019287989,0.0012659803,0.0014192015,0.001382716,-0.0012540228,0.0068556215,0.015440552,-0.00025145113,11570.04,4369.71,13290.7803,15750.1699
2023-08-21,0.0019633472,0.0012768582,0.001440376,0.0014067888,-0.0047483947,-0.0027813276,0.00061327696,-0.00355827,11555.54,4399.77,13497.5898,15746.21
2023-08-22,0.001970537,0.0012717545,0.0014482811,0.0014116913,0.0070027867,0.01098434,0.0158053,0.008440178,11500.7998,4387.5498,13505.8701,15690.2803
2023-08-23,0.0019622892,0.001262173,0.0014459491,0.0014092699,-0.009385466,-0.013549352,-0.018912507,-0.008903662,11581.6201,4436.0098,13721.0303,15823.2695
2023-08-24,0.0019187629,0.0012306646,0.001408875,0.0013684109,0.004760545,0.0066955006,0.00936488,0.0053355047,11473.4297,4376.3101,13463.9697,15683.0098
2023-08-25,0.0018995479,0.0012203008,0.001389116,0.0013587624,0.005378374,0.006245079,0.008388123,0.0071211713,11528.1797,4405.71,13590.6504,15766.9102
2023-08-28,0.0018861443,0.0012108237,0.0013710037,0.0013408586,0.007926862,0.014404063,0.017261874,0.010143879,11590.3496,4433.3101,13705.1299,15879.5898
2023-08-29,0.0018691197,0.001196906,0.0013527647,0.0013221204,0.0016242017,0.0038258466,0.0054035545,0.0020382244,11682.5898,4497.6299,13943.7598,16041.4902
2023-08-30,0.0018083006,0.0011538938,0.0012894422,0.0012644082,-0.007819156,-0.0015981995,0.0011164144,-0.0046048746,11701.5801,4514.8701,14019.3096,16074.2197
2023-08-31,0.0017211884,0.0010912493,0.0012162924,0.001199849,0.0031894383,0.0017974988,-0.00022518437,0.005697351,11610.4404,4507.6602,14034.9697,16000.3701
2023-09-01,0.0016072392,0.0010092705,0.0011344403,0.0011198819,-0.01180931,-0.0042029885,-0.00077421265,-0.009321928,11647.5303,4515.77,14031.8096,16091.79
2023-09-05,0.0014908835,0.0009283945,0.0010679886,0.0010441467,-0.0053309524,-0.006996015,-0.010646375,-0.0032009943,11510.79,4496.8301,14020.9502,15942.4805
2023-09-06,0.0014183,0.00088400394,0.0010425299,0.0010082498,0.001123444,-0.0032164457,-0.008952542,-0.0017218885,11449.5898,4465.48,13872.4697,15891.5303
2023-09-07,0.0014167577,0.0008959472,0.0010730475,0.0010237694,0.00063493254,0.0014256065,0.00092330313,0.0009324712,11462.46,4451.1401,13748.8301,15864.1904
2023-09-08,0.001466535,0.0009434074,0.0011311173,0.0010663569,0.0032858646,0.006700968,0.011297994,0.00442688,11469.7402,4457.4902,13761.5303,15878.9902
2023-09-11,0.0015071407,0.0009760186,0.001159817,0.0010895431,-0.0017029496,-0.005712178,-0.010420563,0.00028020883,11507.4902,4487.46,13917.8896,15949.4404
2023-09-12,0.0015187487,0.0009799451,0.0011515617,0.0010846034,0.000690018,0.0012408533,0.0028984041,-0.001710799,11487.9102,4461.8999,13773.6104,15953.9102
2023-09-13,0.0015394911,0.0009926334,0.0011553094,0.0010932833,0.009953914,0.008394595,0.008108296,0.01017252,11495.8398,4467.4399,13813.5898,15926.6396
2023-09-14,0.0015528649,0.0010015666,0.0011560097,0.0010946244,-0.006301824,-0.012234151,-0.015757488,-0.0072233244,11610.8398,4505.1001,13926.0498,16089.4805
2023-09-15,0.0015377924,0.0009856448,0.0011277571,0.0010705292,-0.0016854956,0.00072103646,0.00013932893,-0.0013255698,11537.9004,4450.3198,13708.3301,15973.6797
2023-09-18,0.0014818013,0.0009624064,0.0011028647,0.001051195,-0.0042133895,-0.0021533296,-0.0023403908,-0.0014748166,11518.4697,4453.5298,13710.2402,15952.5195
2023-09-19,0.0014625862,0.0009687394,0.0011141077,0.0010611415,-0.0011340303,-0.009439204,-0.0154022295,-0.0043657,11470.04,4443.9502,13678.1904,15929.0098
2023-09-20,0.001492247,0.0009985194,0.0011511818,0.0010885075,-0.010149948,-0.01653692,-0.018368507,-0.016402815,11457.04,4402.2002,13469.1299,15859.6201
2023-09-21,0.0015618727,0.0010549277,0.0012153909,0.0011397526,-0.0036172364,-0.0022982277,-0.00092078967,-0.0020589458,11341.3398,4330.0,13223.9805,15601.5996
2023-09-22,0.0016859919,0.0011367351,0.0012942851,0.0012277439,0.002665397,0.004014975,0.0044942424,0.0015544407,11300.3896,4320.0601,13211.8096,15569.5098
2023-09-25,0.0018044189,0.0012024865,0.0013648868,0.0013008788,-0.015652414,-0.014844152,-0.015774805,-0.013698246,11330.5498,4337.4399,13271.3203,15593.7305
2023-09-26,0.0018846542,0.0012413934,0.0014133826,0.0013501048,-0.0028441027,0.00022929235,0.0022357162,0.00085197465,11154.5801,4273.5298,13063.6104,15381.5801
2023-09-27,0.0019618273,0.0012818277,0.001452215,0.0014080852,0.002765217,0.00587587,0.008247568,0.005401532,11122.9004,4274.5098,13092.8496,15394.6904
2023-09-28,0.0020253733,0.0013170987,0.0014845803,0.0014508143,-0.0030124853,-0.0027132619,0.0013656013,-0.005172934,11153.7002,4299.7002,13201.2803,15478.0703
2023-09-29,0.0020504668,0.0013293624,0.0014973581,0.0014665946,-0.009369185,7.9356934e-05,0.006668619,-0.010983459,11120.1504,4288.0498,13219.3203,15398.21
2023-10-02,0.0020436943,0.0013222843,0.0014807582,0.0014634058,-0.009146248,-0.013839386,-0.01883452,-0.012327131,11016.4502,4288.3901,13307.7695,15230.0098
2023-10-03,0.0020280406,0.0013050139,0.0014601275,0.0014503449,0.003819987,0.008077047,0.013427612,0.0018257293,10916.1504,4229.4502,13059.4697,15043.4199
2023-10-04,0.0020314455,0.0013044327,0.0014599562,0.0014534518,-0.0016421229,-0.0013048908,-0.0012231478,0.0001380047,10957.9297,4263.75,13236.0098,15070.9102
2023-10-05,0.0020162314,0.0012892783,0.0014526397,0.0014330521,0.009125553,0.011745652,0.015872784,0.009312925,10939.9502,4258.1899,13219.8301,15072.9902
2023-10-06,0.0019810572,0.0012627766,0.0014371872,0.0014084429,0.0075320685,0.006284078,0.0039308434,0.0068164985,11040.2402,4308.5,13431.3398,15214.0195
2023-10-09,0.0019256398,0.0012232959,0.0013979897,0.0013605729,0.006142708,0.005194458,0.0058120745,0.008590713,11123.71,4335.6602,13484.2402,15318.0801
2023-10-10,0.0018695444,0.0011840388,0.001350075,0.0013154745,0.0036476892,0.0042838287,0.0071147205,0.0024267952,11192.25,4358.2402,13562.8398,15450.2402
2023-10-11,0.0017839596,0.0011249185,0.0012646392,0.0012403652,-0.007927629,-0.0062660174,-0.006276022,-0.01026902,11233.1504,4376.9502,13659.6797,15487.7803
2023-10-12,0.001680471,0.0010499805,0.0011699572,0.0011541471,-0.0033274074,-0.0050315005,-0.012378233,-0.00038166263,11144.4502,4349.6099,13574.2197,15329.5498
2023-10-13,0.0016174763,0.0010013878,0.0011063144,0.0011072308,0.012071028,0.010538643,0.011918491,0.010438861,11107.4297,4327.7798,13407.2305,15323.7002
2023-10-16,0.0016042665,0.0009916052,0.0011034459,0.0011060089,0.0025247491,-9.8252734e-05,-0.0025260763,0.003666614,11242.3203,4373.6299,13567.9805,15484.5
2023-10-17,0.0015377775,0.0009467006,0.0010681823,0.0010639131,-0.01694917,-0.013490409,-0.016347935,-0.014023266,11270.7402,4373.2002,13533.75,15541.3799
2023-10-18,0.0013947636,0.00085677207,0.0009964332,0.000983566,-0.008464357,-0.008519033,-0.009669342,-0.008426282,11081.3203,4314.6001,13314.2998,15324.96
2023-10-19,0.0012828186,0.00080525875,0.00096946955,0.00094554573,-0.0062637334,-0.012665139,-0.015466123,-0.010788211,10987.9199,4278.0,13186.1797,15196.3701
2023-10-20,0.00121326,0.000788711,0.0009806603,0.0009302348,-0.008365087,-0.0016870117,0.002655206,-0.005824018,10919.3096,4224.1602,12983.8096,15033.3096
2023-10-23,0.001282081,0.0008602217,0.0010640994,0.0009960681,0.0062005767,0.0072395387,0.009292755,0.005321687,10828.3496,4217.04,13018.3301,14946.0098
2023-10-24,0.0014450103,0.000984773,0.0011884943,0.0011084005,-0.008539751,-0.014443445,-0.02454954,-0.007457626,10895.7002,4247.6802,13139.8701,15025.7598
2023-10-25,0.0016060174,0.0010949969,0.0012957156,0.0012029782,-0.00821931,-0.011903072,-0.017753216,-0.0037228563,10803.0498,4186.77,12821.2197,14914.1201
2023-10-26,0.0017643049,0.0011982322,0.0013967901,0.0013040751,-0.011082556,-0.0048118476,0.0037561052,-0.01238703,10714.6201,4137.23,12595.6104,14858.7002
2023-10-27,0.0019153133,0.0012959763,0.0014864281,0.0014001876,0.015415846,0.011938472,0.011518519,0.010176414,10596.5303,4117.3701,12643.0098,14675.7803
2023-10-30,0.0020142496,0.0013492107,0.0015292019,0.0014592484,0.0047455924,0.0064540897,0.0048173233,0.0062740375,10761.1504,4166.8198,12789.4805,14825.8896
2023-10-31,0.0020513907,0.0013623685,0.0015403181,0.0014695004,0.007813268,0.010451205,0.01622633,0.005571186,10812.3398,4193.7998,12851.2402,14919.2002
2023-11-01,0.0020455346,0.0013536587,0.0015349612,0.0014613122,0.017880563,0.018682934,0.017660476,0.02176108,10897.1504,4237.8599,13061.4697,15002.5498
2023-11-02,0.0019804984,0.001305677,0.0014671087,0.0014021397,0.009590836,0.0093498705,0.013752395,0.009257501,11093.75,4317.7798,13294.1904,15332.5996
2023-11-03,0.0018488318,0.0012068227,0.0013301224,0.0012818649,-0.00037506607,0.0017514722,0.0030003288,-0.002244828,11200.6602,4358.3398,13478.2803,15475.2002
2023-11-06,0.0016527325,0.0010572299,0.0011471957,0.0011197999,-0.0010634369,0.0028360928,0.008916566,-0.0033740872,11196.46,4365.98,13518.7803,15440.5
2023-11-07,0.0014082417,0.0008769855,0.00096443295,0.0009421855,-0.0020611489,0.0010044104,0.0007731547,-0.0023616794,11184.5596,4378.3799,13639.8604,15388.4902
2023-11-08,0.0011650696,0.00071020424,0.00082083046,0.00078289956,-0.007736725,-0.008116693,-0.009492245,-0.0076509533,11161.5303,4382.7798,13650.4102,15352.1904
2023-11-09,0.00094697624,0.0005731359,0.0007204935,0.00065433234,0.010431654,0.015495751,0.020254327,0.010009397,11075.5098,4347.3501,13521.4502,15235.1797
2023-11-10,0.0007811785,0.00048605353,0.0006699711,0.0005764589,-0.0014110015,-0.00083618175,-0.0022034664,0.0009547546,11191.6504,4415.2402,13798.1104,15388.4404
2023-11-13,0.000654459,0.00041858852,0.00063652545,0.0005098805,0.022093352,0.018895373,0.02344794,0.021168077,11175.8701,4411.5498,13767.7402,15403.1396
2023-11-14,0.0005808845,0.00038363785,0.0006310493,0.0004772991,0.0045277816,0.001595741,0.00067095726,0.0020540943,11425.5303,4495.7002,14094.3799,15732.6699
2023-11-15,0.00053880364,0.00036477298,0.0006265119,0.000444524,-0.0028924167,0.001189708,0.0006967376,-0.0030792453,11477.3799,4502.8799,14103.8398,15765.0195
2023-11-16,0.000512965,0.00035650283,0.00062200427,0.0004239753,0.0023678127,0.0012812313,0.00083647,0.0061471914,11444.2305,4508.2402,14113.6699,15716.5498
2023-11-17,0.0005078465,0.0003592521,0.0006204024,0.00041041523,0.0039689825,0.0073631117,0.01119686,0.004301613,11471.3604,4514.02,14125.4805,15813.46
2023-11-20,0.00054205954,0.00038532168,0.00063628703,0.00041633844,-0.00073143997,-0.0020229889,-0.005936563,-0.0012638677,11516.9805,4547.3799,14284.5303,15881.6299
2023-11-21,0.0005820468,0.0004076138,0.00064650923,0.000420399,0.00416737,0.0040529105,0.0046287067,0.002915966,11508.5596,4538.1899,14199.9805,15861.5703
2023-11-22,0.00064008683,0.0004395321,0.00066816807,0.0004445985,0.003543153,0.00059668976,-0.0010527723,0.004761792,11556.6201,4556.6201,14265.8604,15907.8896
2023-11-24,0.0007017702,0.00046941638,0.00068534166,0.00046966225,-0.004545687,-0.0019560545,-0.0006900285,-0.0033170127,11597.6396,4559.3398,14250.8496,15983.8203
2023-11-27,0.00076992065,0.0004940033,0.0006966591,0.0004956126,0.00012560449,0.0009796252,0.0028566872,-0.00010917751,11545.04,4550.4302,14241.0195,15930.8896
2023-11-28,0.00081755966,0.00050807,0.00070495903,0.0005168393,-0.00049117027,-0.00094668375,-0.0016306518,0.0021221412,11546.4902,4554.8901,14281.7598,15929.1504
2023-11-29,0.00083050877,0.0005050525,0.00070624053,0.00052747875,0.013177031,0.0037769254,-0.002265813,0.007852921,11540.8203,4550.5801,14258.4902,15962.9902
2023-11-30,0.0008177981,0.0004959777,0.0007048249,0.000526987,0.014264245,0.005856564,0.005524525,0.010812853,11693.9004,4567.7998,14226.2197,16088.8398
2023-12-01,0.00078549236,0.0004817471,0.00069943815,0.0005122274,0.0002638268,-0.0054231887,-0.00839162,-0.0019035676,11861.9004,4594.6299,14305.0303,16263.75
2023-12-04,0.0007515028,0.00047041476,0.0006891638,0.00049605966,-0.006631268,-0.00056902954,0.0031264762,-0.0067858323,11865.0303,4569.7798,14185.4902,16232.8203
2023-12-05,0.00072779506,0.00047296286,0.0006897524,0.0004923269,-0.00062127056,-0.003913867,-0.0058640135,-0.0019040521,11786.6104,4567.1802,14229.9102,16123.04
2023-12-06,0.00072000176,0.00048781186,0.0007028729,0.0005020052,0.002177699,0.007936611,0.013570064,0.002760199,11779.29,4549.3398,14146.71,16092.3701
2023-12-07,0.00073592365,0.0005097389,0.00072443485,0.0005198717,2.539576e-05,0.00408714,0.0044516902,0.004384676,11804.9697,4585.5898,14339.9902,16136.8496
2023-12-08,0.0007683858,0.0005365312,0.0007458776,0.00054419786,0.00654596,0.0039168084,0.0019780868,0.004105676,11805.2695,4604.3701,14403.9697,16207.7598
2023-12-11,0.00080098957,0.0005584657,0.00076469034,0.0005747825,0.002961259,0.004588823,0.0069675473,0.00070638,11882.7998,4622.4399,14432.4902,16274.4404
2023-12-12,0.00081332773,0.0005619973,0.00076996535,0.000589326,0.016035348,0.013558335,0.013705557,0.016730893,11918.04,4643.7002,14533.4004,16285.9404
2023-12-13,0.0008107871,0.0005516112,0.00076025724,0.0005891621,0.006498697,0.0026435736,0.001871444,0.009806947,12110.6904,4707.0898,14733.96,16560.7109
2023-12-14,0.0007707402,0.0005175695,0.00073601305,0.0005604476,0.00076511886,-7.6260185e-05,0.003540795,-0.006844745,12189.6504,4719.5498,14761.5596,16723.9199
2023-12-15,0.0007038638,0.000481911,0.0007145703,0.0005270988,-0.0012115315,0.0045181396,0.0061166803,0.0028208492,12198.9805,4719.1899,14813.9199,16609.8398
2023-12-18,0.0006246194,0.00045128912,0.0006962344,0.00048841536,0.007122335,0.0058492552,0.006580872,0.008467539,12184.21,4740.5601,14904.8096,16656.7598
2023-12-19,0.00055226684,0.0004242435,0.0006795153,0.00044961274,-0.016487163,-0.014793144,-0.015129269,-0.015821213,12271.2998,4768.3701,15003.2197,16798.4004
2023-12-20,0.0005178079,0.00041401386,0.0006662905,0.000419572,0.010096646,0.010248769,0.01250308,0.011437362,12070.6396,4698.3501,14777.9404,16534.7207
2023-12-21,0.0005209297,0.000429973,0.00068543106,0.00043251365,0.0015054605,0.0016586857,0.0019427689,0.0027185446,12193.1299,4746.75,14963.8701,16724.9199
2023-12-22,0.00056076795,0.00045515597,0.00071222335,0.00045690686,0.0040322966,0.0042227576,0.0054278336,0.0052953535,12211.5,4754.6299,14992.9697,16770.4492
2023-12-26,0.0006291643,0.0004898459,0.0007410571,0.0004996583,0.00022594594,0.0014294402,0.0016311798,0.0023016655,12260.8398,4774.75,15074.5703,16859.4902
2023-12-27,0.0007074252,0.0005300641,0.00076887757,0.00054933876,0.0011246314,0.00037010203,-0.00026760664,-0.00045930443,12263.6104,4781.5801,15099.1797,16898.3398
2023-12-28,0.00076781213,0.0005650297,0.00079862773,0.0006008148,-0.0022375411,-0.002830473,-0.005566256,-0.002233885,12277.4102,4783.3501,15095.1396,16890.5801
2023-12-29,0.00083433837,0.0005938634,0.0008195713,0.0006441027,-0.00013385419,-0.0056766607,-0.016483352,-0.0006690408,12249.9697,4769.8301,15011.3496,16852.8906
2024-01-02,0.0009173006,0.00063379854,0.00085124373,0.0006921366,-0.0089225145,-0.0080486145,-0.0118353795,-0.0073282635,12248.3301,4742.8301,14765.9404,16841.6191
2024-01-03,0.0010011643,0.0006808862,0.00089450926,0.0007435754,-0.00022084842,-0.0034342753,-0.005629096,-0.00017583706,12139.5303,4704.8101,14592.21,16718.6504
2024-01-04,0.0010896996,0.0007411465,0.00095281005,0.00080846995,0.0010121063,0.0018240091,0.0009485655,0.0025410398,12136.8496,4688.6802,14510.2998,16715.7109
2024-01-05,0.0011943057,0.0008152425,0.001022473,0.00088263303,0.0067137657,0.014015945,0.021772921,0.007557424,12149.1396,4697.2402,14524.0703,16758.2402
2024-01-08,0.0012778267,0.00087118894,0.0010613054,0.00093274564,-0.005467508,-0.0014789857,0.0009387075,-0.0066728713,12230.9805,4763.54,14843.7695,16885.3691
2024-01-09,0.0013075694,0.00088590384,0.0010547489,0.00094424933,0.0042354004,0.0056499816,0.0075059226,0.0027274764,12164.29,4756.5,14857.71,16773.0703
2024-01-10,0.0013386533,0.0009015724,0.0010636225,0.0009692684,-0.0034686872,-0.000671289,3.6072335e-05,-0.0022477272,12215.9199,4783.4502,14969.6504,16818.8809
2024-01-11,0.0013759136,0.00090875477,0.0010675415,0.0009806156,-0.0023084925,0.00075070554,0.0001716197,0.0010970602,12173.6201,4780.2402,14970.1904,16781.1191
2024-01-12,0.0014116392,0.0009142086,0.001066342,0.0009900182,-0.0073315185,-0.0037383195,-0.0018992616,-0.009579223,12145.5498,4783.8301,14972.7598,16799.5391
2024-01-16,0.0014468431,0.00092121214,0.0010744035,0.0010058135,-0.0050847526,-0.005632727,-0.0059550237,-0.0070291623,12056.8301,4765.98,14944.3496,16639.3809
2024-01-17,0.0014993623,0.0009522289,0.0011086017,0.0010492727,0.006680888,0.008766704,0.013375111,0.0056404183,11995.6797,4739.21,14855.6201,16522.8301
2024-01-18,0.001551792,0.0009852499,0.0011530891,0.0010944232,0.008043079,0.012238326,0.016816182,0.0067931795,12076.0898,4780.9399,15055.6504,16616.2891
2024-01-19,0.0015717521,0.0009936094,0.0011611283,0.0011033937,0.0077921716,0.0021919177,0.0032160624,0.0029806546,12173.6104,4839.8101,15310.9697,16729.5508
2024-01-22,0.0015335158,0.0009583682,0.0011171252,0.0010705814,-0.0023044357,0.002917111,0.004264926,0.0012727206,12268.8398,4850.4302,15360.29,16779.4902
2024-01-23,0.0014490187,0.00089695305,0.001048401,0.0010161996,-0.0059454204,0.0008115975,0.0036223512,-0.0018831878,12240.5996,4864.6001,15425.9404,16800.8594
2024-01-24,0.0013739765,0.00084681064,0.0009965003,0.0009710267,0.009241308,0.005246588,0.001844329,0.0071464297,12168.04,4868.5498,15481.9199,16769.25
2024-01-25,0.0012840629,0.00078578293,0.0009392351,0.00091293454,0.00021657925,-0.00065200974,-0.0035613193,0.003522008,12281.0098,4894.1602,15510.5,16889.5195
2024-01-26,0.0011814386,0.00072033703,0.0008847788,0.0008450076,0.0049852207,0.0075283735,0.011110842,0.005383419,12283.6699,4890.9702,15455.3604,16949.1094
2024-01-29,0.0011117458,0.00068115443,0.00085547566,0.0008024052,-0.0007243981,-0.00060083834,-0.007588181,0.0028632432,12345.0596,4927.9302,15628.04,17040.5996
2024-01-30,0.0010531768,0.0006471947,0.0008304715,0.00076202303,-0.009869329,-0.01623685,-0.022553712,-0.010489914,12336.1201,4924.9702,15509.9004,17089.4609
2024-01-31,0.0009929761,0.0006129369,0.0008068904,0.0007225275,0.010009517,0.012416278,0.012948623,0.012017127,12214.9697,4845.6499,15164.0098,16911.1309
2024-02-01,0.00093822926,0.00059779733,0.00081190467,0.0007042289,0.0028489635,0.010627787,0.01725151,-0.00079546316,12337.8496,4906.1899,15361.6396,17115.5801
2024-02-02,0.000891611,0.0005832985,0.00081050396,0.0006766841,-0.008323495,-0.0031914238,-0.0020028104,-0.0056992625,12373.0498,4958.6099,15628.9502,17101.9707
2024-02-05,0.0008511469,0.0005664304,0.0007960871,0.00065013766,0.008078554,0.0023077414,0.00072550494,0.0076567573,12270.4902,4942.8101,15597.6797,17004.7793
2024-02-06,0.0008416474,0.0005701259,0.00080260634,0.0006485358,0.0035926036,0.008207687,0.009414167,0.004474227,12370.0195,4954.23,15609.0,17135.4805
2024-02-07,0.0008534193,0.00058177114,0.00081184506,0.0006464496,0.0011688806,0.000570421,0.0023499213,0.0023212207,12414.54,4995.0601,15756.6396,17212.3203
2024-02-08,0.0008350238,0.0005655214,0.00079102814,0.0006171465,0.00074637483,0.0057259155,0.012393055,0.0013640336,12429.0596,4997.9102,15793.71,17252.3203
2024-02-09,0.00080447644,0.0005478412,0.0007734448,0.0005927831,0.0032114887,-0.00094848423,-0.0030131913,0.003270418,12438.3398,5026.6099,15990.6602,17275.8691
2024-02-12,0.00076974183,0.0005323589,0.0007608682,0.0005752519,-0.017676834,-0.013769925,-0.018162968,-0.015344146,12478.3496,5021.8445,15942.5498,17332.4609
2024-02-13,0.0007571578,0.0005320534,0.0007613227,0.0005729124,0.003629706,0.009534553,0.012917991,0.010006307,12259.71,4953.168,15655.5996,17068.5391
2024-02-14,0.0007787943,0.00056160986,0.0008009821,0.0006083101,0.008748813,0.00580438,0.0029604319,0.011232391,12304.29,5000.6201,15859.1504,17240.1895
2024-02-15,0.00079368055,0.00057513267,0.0008188933,0.0006189421,-0.0074395416,-0.0048150523,-0.008239441,-0.0014710559,12412.4102,5029.73,15906.1699,17434.9297
2024-02-16,0.0007893443,0.00057306886,0.0008188933,0.00061594695,-0.0041545923,-0.006023415,-0.009225571,-0.003978823,12320.4102,5005.5698,15775.6504,17409.3008
2024-02-20,0.00081445277,0.000596717,0.0008441806,0.00064381957,0.0043371995,0.0012633937,-0.0031981803,0.0024485216,12269.3301,4975.5098,15630.7803,17340.1699
2024-02-21,0.00091677904,0.00067698956,0.000917837,0.0007204935,0.010400451,0.020902893,0.029142715,0.010437997,12322.6602,4981.7998,15580.8701,17382.6797
2024-02-22,0.0010608211,0.00076847523,0.000987649,0.0008011386,0.003073626,0.00034788318,-0.00279663,0.002896399,12451.4902,5087.0298,16041.6201,17565.0703
2024-02-23,0.0011355355,0.00079435855,0.000987649,0.00082337856,-0.0043844082,-0.0037939353,-0.0012867268,-0.00280878,12489.8203,5088.7998,15996.8203,17616.0195
2024-02-26,0.0011537448,0.0007843599,0.0009644404,0.00082580745,-0.0011288313,0.0017048974,0.0036892851,0.0018035531,12435.1797,5069.5298,15976.25,17566.6094
2024-02-27,0.0011598766,0.0007773861,0.00094849616,0.00082845986,-0.0020768826,-0.0016595293,-0.0054753907,-0.0014005912,12421.1504,5078.1802,16035.2998,17598.3203
2024-02-28,0.0011558905,0.00076738745,0.0009358376,0.0008241981,0.0030634059,0.00521546,0.009000137,0.0019180862,12395.3799,5069.7598,15947.7402,17573.6895
2024-02-29,0.0011192784,0.0007409081,0.00091445446,0.00080480427,0.00030156123,0.007975944,0.011309249,0.0068395576,12433.4102,5096.27,16091.9199,17607.4297
2024-03-01,0.0010390207,0.0006917864,0.0008822456,0.0007622689,-0.0005155399,-0.0011939779,-0.0041518235,0.0011517163,12437.1602,5137.0801,16274.9404,17728.2695
2024-03-04,0.00094008446,0.0006336868,0.0008445084,0.00070945174,-0.009990434,-0.010245408,-0.016668763,-0.004472794,12430.75,5130.9502,16207.5098,17748.6992
2024-03-05,0.000843741,0.000584878,0.000812985,0.0006593317,0.0029475952,0.00512794,0.0057520927,0.007417397,12307.1797,5078.6499,15939.5898,17669.4902
2024-03-06,0.0007844791,0.00057258457,0.0008136034,0.0006412715,0.0056292466,0.010251403,0.014972606,0.007085658,12343.5098,5104.7598,16031.54,17801.0391
2024-03-07,0.00074952096,0.00056518614,0.0008141175,0.0006226674,-0.0030481939,-0.006549938,-0.011636614,-0.0021218841,12413.1904,5157.3599,16273.3799,17927.6191
2024-03-08,0.00079023093,0.00059824437,0.0008351207,0.0006418973,0.0029813272,-0.0011228683,-0.004101683,-0.001450473,12375.4102,5123.6899,16085.1104,17889.6191
2024-03-11,0.00091552734,0.0006820932,0.00090026855,0.0007157475,0.004351478,0.011139517,0.015262541,0.006159502,12412.3604,5117.9399,16019.2695,17863.6895
2024-03-12,0.0010754839,0.0007760525,0.0009694174,0.0007998347,-1.3628628e-05,-0.0019263722,-0.005416836,0.0024766375,12466.4902,5175.27,16265.6396,17974.0605
2024-03-13,0.0011637434,0.0008041188,0.0009725988,0.00082558393,-0.0068813153,-0.0028752254,-0.0030482747,-0.0073729213,12466.3203,5165.3101,16177.7695,18018.6309
2024-03-14,0.001177147,0.00078608096,0.000945203,0.0008198619,-0.0050869137,-0.006504035,-0.009679339,-0.0021374065,12380.8301,5150.48,16128.5303,17886.2695
2024-03-15,0.0011640489,0.00076753646,0.00093221664,0.00081783533,0.00017376298,0.0062981886,0.008123114,0.0019160389,12318.0098,5117.0898,15973.1699,17848.0801
2024-03-18,0.0010905564,0.0007304624,0.00092223287,0.00079203397,0.008042892,0.005633264,0.003925591,0.0052138185,12320.1504,5149.4199,16103.4502,17882.3105
2024-03-19,0.0010653883,0.00073146075,0.0009351671,0.000798814,0.011092383,0.008864756,0.012455223,0.00854664,12419.6396,5178.5098,16166.79,17975.7891
2024-03-20,0.0010885522,0.0007548705,0.00094787776,0.0008172244,0.007351392,0.0032313152,0.00197915,0.004624625,12558.1699,5224.6201,16369.4102,18130.0801
2024-03-21,0.0011191368,0.0007653609,0.0009400323,0.0008215979,-0.0046817744,-0.00140317,0.0016436165,-0.005620207,12650.8301,5241.5298,16401.8398,18214.1191
2024-03-22,0.0011149347,0.00074302405,0.0009073615,0.0008004084,-0.00428178,-0.0030596529,-0.0027031503,-0.0019281289,12591.7402,5234.1802,16428.8203,18112.0391
2024-03-25,0.0010963827,0.000711225,0.00086952,0.00077252835,-0.0023836603,-0.0028037098,-0.004206131,-0.0009940631,12537.9404,5218.1899,16384.4707,18077.1504
2024-03-26,0.0010957792,0.00069544464,0.0008511767,0.00075987726,0.013415247,0.008593584,0.005124189,0.010797504,12508.0898,5203.5801,16315.7002,18059.1895
2024-03-27,0.0011206046,0.0007028729,0.0008619353,0.00077243894,0.0046213637,0.0011158697,-0.0012239248,0.0031409916,12677.0195,5248.4902,16399.5195,18255.2402
2024-03-28,0.0011345968,0.00070247054,0.0008651316,0.00077622384,-0.0076178536,-0.0020156186,0.0010599187,-0.005282433,12735.7402,5254.3501,16379.46,18312.6699
2024-04-01,0.0011229888,0.00069040805,0.0008546561,0.00077189505,-0.009270545,-0.0072653764,-0.009582973,-0.0059828963,12639.0898,5243.77,16396.8301,18216.1895
2024-04-02,0.0011090711,0.0006810725,0.0008448139,0.00077180564,0.000549246,0.001090513,0.0022762727,0.0021576174,12522.46,5205.8101,16240.4502,18107.5293
2024-04-03,0.0011219159,0.0006926134,0.00086428225,0.00079075247,-0.01120837,-0.012411022,-0.014129795,-0.009086935,12529.3398,5211.4902,16277.46,18146.6406
2024-04-04,0.001147382,0.0007124543,0.00088843703,0.00080967695,0.0067825564,0.011038034,0.012350264,0.0077424883,12389.6904,5147.21,16049.0801,17982.4902
2024-04-05,0.001217328,0.00076989084,0.0009550676,0.00087089837,0.0007284338,-0.00037469986,0.00033477446,0.0017702476,12474.0098,5204.3398,16248.5195,18122.2598
2024-04-08,0.0013037696,0.0008283034,0.0010113791,0.0009241402,0.0013233384,0.0014444649,0.0032357909,0.0009266256,12483.0996,5202.3901,16253.96,18154.3691
2024-04-09,0.0013871416,0.00088851154,0.0010654256,0.0009806454,-0.015120595,-0.009501997,-0.008392401,-0.012398149,12499.6299,5209.9102,16306.6396,18171.1992
2024-04-10,0.0014524683,0.0009341389,0.0011016876,0.0010198802,0.0019684725,0.007417237,0.01667119,-0.0017902605,12312.0498,5160.6401,16170.3604,17947.3008
2024-04-11,0.0015331432,0.0009882748,0.0011556745,0.0010809302,-0.01284113,-0.014657587,-0.01637876,-0.015534894,12336.3096,5199.0601,16442.1992,17915.1992
2024-04-12,0.0015875548,0.001014255,0.0011889413,0.0011094883,-0.006771467,-0.012094209,-0.018095898,-0.007517791,12178.9102,5123.4102,16175.0898,17639.0391
2024-04-15,0.0016491339,0.0010523573,0.0012439042,0.001158908,-0.003072431,-0.002058611,-0.0012453124,-0.005323425,12096.7197,5061.8198,15885.0195,17506.9297
2024-04-16,0.0017321333,0.0011154115,0.0013227612,0.0012255833,-0.0028142212,-0.005797376,-0.0115302615,-0.0006055015,12059.6104,5051.4102,15865.25,17413.9805
2024-04-17,0.0018064901,0.0011734515,0.0013861209,0.0012836307,0.00061438564,-0.0022106129,-0.0052338582,-0.0008823815,12025.7197,5022.21,15683.3701,17403.4395
2024-04-18,0.0018715858,0.001222223,0.0014360249,0.0013352633,0.007844068,-0.008797122,-0.020690758,0.004056595,12033.1104,5011.1201,15601.5,17388.0898
2024-04-19,0.0019241348,0.0012577325,0.0014649928,0.0013728067,0.0075645624,0.008693348,0.011017457,0.0081812255,12127.8701,4967.23,15282.0098,17458.7695
2024-04-22,0.0019787103,0.0012958348,0.0014891028,0.0014095977,0.008199567,0.011893565,0.015752887,0.010768324,12219.96,5010.6001,15451.3096,17602.1895
2024-04-23,0.002001606,0.0013085455,0.0014794692,0.0014134422,-0.005779389,0.0002129917,0.0010258334,-0.0019509925,12320.5703,5070.5498,15696.6396,17792.7598
2024-04-24,0.0019786656,0.0012919828,0.0014348328,0.0013866872,-0.0022933611,-0.004586942,-0.006448021,-0.0014944983,12249.5703,5071.6299,15712.75,17758.0801
2024-04-25,0.0019255951,0.0012570024,0.0013753548,0.0013478324,-0.0009053388,0.010157393,0.02004785,0.0017866832,12221.5098,5048.4199,15611.7598,17731.5605
2024-04-26,0.0018908828,0.0012322292,0.001341328,0.0013214946,0.0047664805,0.0031729466,0.0034583553,0.0038096441,12210.4502,5099.96,15927.9004,17763.2695
2024-04-29,0.0018297955,0.00118763,0.0012918785,0.0012689829,-0.015043118,-0.015854748,-0.020560177,-0.012853812,12268.79,5116.1676,15983.0801,17831.0703
2024-04-30,0.0017568097,0.0011363626,0.0012405962,0.0012157634,0.002083771,-0.00344171,-0.0033483251,-0.0015320871,12085.6104,5035.6917,15657.8203,17603.3398
2024-05-01,0.0017433539,0.0011298135,0.0012418851,0.001222305,0.012116219,0.009087033,0.014976824,0.0069544525,12110.8203,5018.3901,15605.4805,17576.3906
2024-05-02,0.0017592758,0.0011392236,0.0012583584,0.0012366325,0.010052506,0.012478549,0.019712938,0.0055689337,12258.4502,5064.2002,15840.96,17699.0508
2024-05-03,0.0017417222,0.0011200607,0.0012346879,0.0012149736,0.0039213295,0.010273174,0.0118700955,0.009280893,12382.2998,5127.79,16156.3301,17797.8906
2024-05-06,0.0016718283,0.0010598898,0.0011624694,0.0011548772,0.0028621252,0.0013425357,-0.0010213879,0.0016925087,12430.9502,5180.7402,16349.25,17963.8398
2024-05-07,0.0015482679,0.0009585768,0.0010608286,0.0010628775,0.0032194494,-5.8407554e-06,-0.0018262306,9.779302e-05,12466.5801,5187.7002,16332.5596,17994.2695
2024-05-08,0.001391016,0.0008422211,0.0009583086,0.0009588823,0.007841695,0.005078041,0.0026647064,0.007263035,12506.7803,5187.6699,16302.7598,17996.0293
2024-05-09,0.0012372509,0.0007394105,0.00087494403,0.0008624345,0.0032647178,0.0016480405,-0.00032977507,0.0019201223,12605.2402,5214.0801,16346.2598,18127.2109
2024-05-10,0.0011145249,0.00066349655,0.00081729144,0.0007845089,-0.00096038973,-0.000241342,0.0028946789,-0.0015484685,12646.46,5222.6802,16340.8701,18162.0508
2024-05-13,0.0010487214,0.00063008815,0.0007951483,0.00074498355,0.00088841445,0.0048261574,0.0074736923,0.004778547,12634.3203,5221.4199,16388.2402,18133.9492
2024-05-14,0.0010222867,0.0006223917,0.0007957518,0.000729464,0.007004807,0.011647822,0.013906154,0.008616595,12645.5498,5246.6802,16511.1797,18220.8105
2024-05-15,0.0009531006,0.0005908832,0.0007780567,0.0006919354,-0.0009003191,-0.0020838366,-0.002635729,-0.0033305848,12734.4404,5308.1499,16742.3906,18378.4902
2024-05-16,0.000846006,0.0005414337,0.00074762106,0.0006408468,0.0013556575,0.0011640915,-0.000739845,0.0038620215,12722.9805,5297.1001,16698.3203,18317.3809
2024-05-17,0.0007602647,0.0005296618,0.00075536966,0.0006296113,-0.004480125,0.00091597723,0.0065051406,-0.0028668398,12740.2402,5303.27,16685.9707,18388.2598
2024-05-20,0.00068784505,0.00052125007,0.00077763945,0.0006188452,-0.002456645,0.0024987548,0.002245188,0.00012494571,12683.29,5308.1299,16794.8691,18335.6191
2024-05-21,0.0006500706,0.0005194843,0.0007896051,0.000602223,-0.0040978175,-0.002709793,-0.0018481218,-0.0055377227,12652.1699,5321.4102,16832.6191,18337.9102
2024-05-22,0.00066779554,0.0005366355,0.0007984042,0.0005957857,-0.015446713,-0.007408177,-0.0039066565,-0.011480576,12600.4297,5307.0098,16801.5391,18236.6406
2024-05-23,0.0007129684,0.0005651042,0.00081592053,0.0006087199,0.0015334134,0.0069766548,0.010979151,0.004545166,12407.29,5267.8398,16736.0293,18028.4707
2024-05-24,0.0007606819,0.000595659,0.00085166097,0.0006419495,-0.0055689923,0.00024876633,0.005839135,-0.005736265,12426.3301,5304.7202,16920.7891,18110.5996
2024-05-28,0.00083803385,0.00063120574,0.0008853376,0.0006817058,-0.011646124,-0.007394309,-0.005851487,-0.011849744,12357.3203,5306.04,17019.8809,18007.0098
2024-05-29,0.00095470995,0.0006893873,0.00093115866,0.0007441938,-0.0006715894,-0.0059929546,-0.010904015,0.0032243077,12214.2402,5266.9502,16920.5801,17794.8906
2024-05-30,0.001115568,0.0007795468,0.001012586,0.000843592,0.016810177,0.007995827,-0.00012312343,0.012874721,12206.04,5235.48,16737.0801,17852.3594
2024-05-31,0.0012941137,0.00088731945,0.0011159852,0.00095538795,-0.0053774077,0.0011154533,0.0055804737,-0.004252,12412.96,5277.5098,16735.0195,18083.6895
2024-06-03,0.0014204308,0.0009570569,0.0011669546,0.001018323,0.00051826827,0.0015016731,0.0016850408,-0.0040327143,12346.3896,5283.3999,16828.6699,18006.9609
2024-06-04,0.0014945045,0.0009932294,0.0011817887,0.0010582432,0.003265212,0.011778027,0.019436657,0.0061706607,12352.79,5291.3398,16857.0508,17934.4902
2024-06-05,0.0015404075,0.0010109469,0.0011841282,0.0010792688,-0.00012426951,-0.00019983208,-0.00086024223,0.0011669396,12393.1904,5354.0298,17187.9004,18045.5
2024-06-06,0.0015508905,0.0010020509,0.0011603907,0.0010706112,-0.0033684068,-0.0011158558,-0.0023313605,-0.00449013,12391.6504,5352.96,17173.121,18066.5703
2024-06-07,0.0015283376,0.0009598583,0.0011318028,0.0010365024,0.0039959955,0.002577529,0.0034608778,0.0028813928,12349.9805,5346.9902,17133.1309,17985.6309
2024-06-10,0.0015075877,0.00093656033,0.0011101142,0.0010088161,-0.004881466,0.0027067177,0.008745779,-0.006586841,12399.4297,5360.79,17192.5293,18037.5293
2024-06-11,0.0014924556,0.00092571974,0.0010926798,0.0009942576,0.00061412936,0.008467727,0.0151575785,0.0048345067,12339.0498,5375.3198,17343.5508,17919.1094
2024-06-12,0.0014763847,0.00091415644,0.0010771453,0.0009898096,-0.00349207,0.0023419023,0.0033519138,-0.0045945235,12346.6299,5421.0298,17608.4395,18005.9492
2024-06-13,0.0014514253,0.00089422613,0.001050204,0.0009768158,-0.0036837687,-0.00039393152,0.0012060265,-0.0059400517,12303.5898,5433.7402,17667.5605,17923.4102
2024-06-14,0.001414597,0.0008627027,0.0010162815,0.000958018,0.004162433,0.0076351673,0.009460436,0.004758764,12258.3496,5431.6001,17688.8809,17817.2598
2024-06-17,0.0013871267,0.0008376017,0.0009966791,0.00094403327,0.00031188977,0.0025181533,0.00029177545,0.0036576244,12309.4805,5473.23,17857.0195,17902.25
2024-06-18,0.0013656542,0.0008164793,0.0009772927,0.00092869997,0.008398556,-0.002529134,-0.007904797,0.0026734048,12313.3203,5487.0298,17862.2305,17967.8496
2024-06-20,0.0013444498,0.0007973984,0.00095655024,0.00091698766,0.0004194923,-0.0015633509,-0.001820364,-0.0011251753,12417.1699,5473.1699,17721.5898,18015.9492
2024-06-21,0.0013438687,0.0007975325,0.0009525642,0.00092203915,0.00786201,-0.0030698793,-0.010944128,0.0072531532,12422.3799,5464.6201,17689.3594,17995.6895
2024-06-24,0.0013313293,0.0007975176,0.00094959885,0.00092819333,-0.008475615,0.0039258758,0.012542173,-0.004184325,12520.4297,5447.8701,17496.8203,18126.6895
2024-06-25,0.0012821257,0.000773713,0.0009287894,0.00090643764,0.004123648,0.0015711966,0.0049269735,-0.0031744365,12414.7598,5469.2998,17717.6504,18051.0
2024-06-26,0.0012370944,0.00074941665,0.00090414286,0.00087578595,-0.0003930964,0.00090690714,0.0030013337,0.00084997097,12466.0596,5477.8999,17805.1602,17993.7891
2024-06-27,0.0012065992,0.0007289797,0.0008846894,0.00084631145,0.00096495,-0.004092007,-0.007084917,0.00096627814,12461.1602,5482.8701,17858.6797,18009.0898
2024-06-28,0.0011926517,0.0007171929,0.00087468326,0.0008290559,-0.0020947284,0.0026719794,0.008238933,-0.0038600573,12473.1904,5460.48,17732.5996,18026.5
2024-07-01,0.0011389703,0.00069205463,0.0008622706,0.0008036345,0.0041617965,0.00617622,0.008324586,0.003952689,12447.0898,5475.0898,17879.3008,17957.0508
2024-07-02,0.0010963008,0.0006722212,0.000855051,0.00078768283,0.0003607478,0.0050715525,0.008810325,0.003514999,12499.0,5509.0098,18028.7598,18028.1699
2024-07-03,0.0010909215,0.00067049265,0.0008501038,0.00077531487,-0.00034637074,0.0054339706,0.009001386,0.00040065707,12503.5098,5537.02,18188.3008,18091.6504
2024-07-05,0.0011104122,0.0006748885,0.0008489862,0.0007717237,-0.0028875622,0.0010161904,0.0027739548,-0.00060968695,12499.1797,5567.1899,18352.7598,18098.9004
2024-07-08,0.001127921,0.00067317486,0.0008396581,0.00076482445,-0.0030189855,0.0007408006,0.0013872823,-0.0021744813,12463.1396,5572.8501,18403.7402,18087.8691
2024-07-09,0.0011321232,0.00066404045,0.0008261055,0.0007587448,0.00988373,0.0101563195,0.011768167,0.009188279,12425.5703,5576.98,18429.2891,18048.5801
2024-07-10,0.0011235923,0.00064819306,0.00081209093,0.00075131655,0.008422459,-0.008801665,-0.019715263,0.008993686,12548.9902,5633.9102,18647.4492,18215.1797
2024-07-11,0.001100406,0.0006228164,0.00078902394,0.0007319525,0.0062757293,0.0055018715,0.0062722764,0.0068416935,12655.1299,5584.54,18283.4102,18379.7402
2024-07-12,0.0010844097,0.00061710924,0.00079040974,0.0007342249,0.0055122008,0.0028222133,0.004020567,0.0010353432,12734.7998,5615.3501,18398.4492,18505.9199
2024-07-15,0.0010731667,0.00062039495,0.0007919371,0.0007390082,0.02103574,0.0063690534,0.0019885134,0.013731453,12805.1904,5631.2202,18472.5703,18525.0898
2024-07-16,0.0010575578,0.0006175414,0.00078321993,0.00073468685,0.0018701346,-0.014025446,-0.028074833,-0.003666764,13077.4102,5667.2002,18509.3398,18781.2207
2024-07-17,0.0010240823,0.0005957335,0.0007603094,0.00070836395,-0.0131219905,-0.007847116,-0.00700899,-0.010677538,13101.8896,5588.27,17996.9199,18712.4805
2024-07-18,0.0010272786,0.000611797,0.0007766634,0.00071986765,-0.0059693214,-0.0071658716,-0.008106149,-0.0058337115,12931.0898,5544.5898,17871.2207,18513.7402
2024-07-19,0.0010834262,0.00067180395,0.0008289218,0.00076957047,0.0046506976,0.010734225,0.015706753,0.007204747,12854.1299,5505.0,17726.9395,18406.0508
2024-07-22,0.0011891425,0.00075881183,0.0009127036,0.0008472055,-0.005449188,-0.0015593318,-0.0005677391,-0.0011226237,12914.0498,5564.4102,18007.5703,18539.1406
2024-07-23,0.0012890548,0.00082769245,0.0009678602,0.0009025708,-0.008978285,-0.023421234,-0.037069544,-0.011400524,12843.8701,5555.7402,17997.3496,18518.3398
2024-07-24,0.0013743639,0.00088222325,0.0010164306,0.0009598583,0.0035587202,-0.005155895,-0.0093088895,0.0019666129,12729.0703,5427.1299,17342.4102,18308.4199
2024-07-25,0.0014950782,0.0009799972,0.0011210442,0.001065053,0.01560819,0.011029423,0.010200565,0.011922434,12774.4502,5399.2202,17181.7207,18344.4609
2024-07-26,0.001610063,0.0010710284,0.0012175888,0.0011544302,-0.00055356196,0.00081297196,0.0007094144,-0.001353574,12975.4004,5459.1001,17357.8809,18564.4805
2024-07-29,0.0016704425,0.0011123121,0.0012487695,0.001190953,0.0062626833,-0.0049725147,-0.012908329,0.0022204241,12968.2197,5463.54,17370.1992,18539.3691
2024-07-30,0.0016950741,0.0011283532,0.0012532324,0.0012104809,0.002816755,0.015669987,0.026017115,0.006941709,13049.6904,5436.4399,17147.4199,18580.5801
2024-07-31,0.0017203689,0.0011497438,0.0012676492,0.0012307838,-0.009136441,-0.013788119,-0.0232956,-0.011653918,13086.5,5522.2998,17599.4004,18710.0098
2024-08-01,0.0016890839,0.0011209995,0.0012243763,0.0011958182,-0.015467423,-0.018552903,-0.02461039,-0.018058943,12967.4805,5446.6802,17194.1504,18493.2305
2024-08-02,0.0016623437,0.0011024401,0.0012006313,0.001184687,-0.024317343,-0.030427044,-0.034942657,-0.024359593,12768.4502,5346.5601,16776.1602,18162.2598
2024-08-05,0.0016942173,0.0011309385,0.0012322217,0.0012237206,0.008828866,0.010300848,0.010241737,0.011073531,12461.7002,5186.3301,16200.0801,17725.1797
2024-08-06,0.001815863,0.0012094602,0.0013078824,0.001325056,-0.0055577746,-0.007764718,-0.010505381,-0.0046832925,12572.21,5240.0298,16366.8496,17922.5508
2024-08-07,0.001961574,0.0013025105,0.0014224946,0.0014304146,0.014571128,0.022781147,0.028259264,0.019282168,12502.5303,5199.5,16195.8096,17838.8105
2024-08-08,0.0020753369,0.0013758838,0.0015115812,0.0015268847,-0.0007143866,0.0046607987,0.0051058624,0.0044457703,12686.04,5319.3101,16660.0195,18186.1191
2024-08-09,0.002123043,0.0014045313,0.0015372932,0.0015534982,-0.003173838,4.3017993e-05,0.0021063478,-0.0033317225,12676.9805,5344.1602,16745.3008,18267.1504
2024-08-12,0.002113603,0.0013967901,0.0015186816,0.0015467182,0.00921377,0.016707245,0.023964724,0.010703563,12636.8096,5344.3901,16780.6094,18206.3906
2024-08-13,0.0020649359,0.0013575703,0.0014639571,0.0014988258,0.0038955042,0.0038164393,0.00029029493,0.005191245,12753.7803,5434.4302,17187.6094,18402.3105
2024-08-14,0.0019770265,0.0012913048,0.0013832599,0.0014097244,0.011506932,0.01600448,0.023107318,0.011204626,12803.5596,5455.21,17192.5996,18498.0898
2024-08-15,0.001884751,0.0012223572,0.0013161078,0.0013258979,0.003055141,0.0019878051,0.0021132391,0.0025226728,12951.7402,5543.2202,17594.5,18706.5195
2024-08-16,0.0017761067,0.0011426136,0.0012370124,0.0012286231,0.006348671,0.009675328,0.013802485,0.006816386,12991.3701,5554.25,17631.7207,18753.7695
2024-08-19,0.0016304255,0.0010354146,0.0011366904,0.0011225641,-0.003424844,-0.0019865304,-0.0033524146,-0.004235136,13074.1104,5608.25,17876.7695,18882.0391
2024-08-20,0.0013877377,0.0008636713,0.0009855926,0.0009614751,0.0037230533,0.004230718,0.0057113934,0.005318166,13029.4102,5597.1201,17816.9395,18802.2402
2024-08-21,0.0011496618,0.00070733577,0.00086212903,0.0008196905,-0.004596091,-0.008972949,-0.016863348,-0.0027362038,13078.0098,5620.8501,17918.9902,18902.5
2024-08-22,0.0009445548,0.0005777478,0.00076560676,0.0006949529,0.011294841,0.0114179505,0.014561403,0.012788957,13018.04,5570.6401,17619.3496,18850.8496
2024-08-23,0.00085703284,0.0005379841,0.0007480532,0.00065399706,0.00086092943,-0.0031587244,-0.008539625,0.00036235648,13165.9102,5634.6099,17877.7891,19093.4805
2024-08-26,0.00083871186,0.0005328283,0.0007482916,0.00063640624,-0.0021682028,0.001593932,0.0016375605,0.0009895471,13177.25,5616.8398,17725.7695,19100.4004
2024-08-27,0.0008683279,0.00055648386,0.0007669553,0.00065279007,-0.0015587434,-0.0059938957,-0.011259604,-0.0028745658,13148.71,5625.7998,17754.8203,19119.3105
2024-08-28,0.0009441078,0.000603348,0.00079768896,0.0006899312,0.004263356,-3.9377188e-05,-0.0022581604,0.0044543683,13128.2305,5592.1802,17556.0293,19064.4297
2024-08-29,0.0010538101,0.0006722361,0.0008514151,0.0007523969,0.0069010104,0.010042449,0.011194504,0.0074238027,13184.3203,5591.96,17516.4297,19149.5391
2024-08-30,0.0011591241,0.0007349551,0.00089780986,0.0008098483,-0.011312927,-0.021377958,-0.033134717,-0.014347054,13275.6201,5648.3999,17713.6191,19292.2305
2024-09-03,0.0012148991,0.00076057017,0.0009112209,0.0008373484,0.0025321099,-0.0016038378,-0.0030391072,-0.00081537454,13126.2803,5528.9302,17136.3008,19017.4199
2024-09-04,0.0012852177,0.00081894547,0.00096895546,0.0009065047,-0.008286766,-0.0030225688,0.0025347522,-0.0065417658,13159.5596,5520.0698,17084.3008,19001.9199
2024-09-05,0.0013747066,0.00088755786,0.0010367483,0.0009759888,-0.010326719,-0.017410956,-0.02583524,-0.011447768,13050.96,5503.4102,17127.6602,18878.0195
2024-09-06,0.0014556423,0.00094620883,0.0010939538,0.0010337383,0.012132602,0.011513538,0.011542467,0.010476326,12916.8799,5408.4199,16690.8301,18663.1406
2024-09-09,0.0015555099,0.0010253936,0.0011825338,0.0011152402,-0.0013784196,0.004462697,0.008332652,-0.0019886896,13074.5498,5471.0498,16884.5996,18859.6895
2024-09-10,0.0016494095,0.0010908172,0.0012515411,0.0011736229,0.00072046736,0.010608562,0.021478644,0.0023566769,13056.54,5495.52,17025.8809,18822.2207
2024-09-11,0.0017068312,0.0011279657,0.0012873262,0.0012105331,0.0051596384,0.007467355,0.009961436,0.0064071543,13065.9502,5554.1299,17395.5293,18866.6309
2024-09-12,0.0017309338,0.001142323,0.0012911111,0.0012247115,0.007368348,0.0053931326,0.006484501,0.007011401,13133.54,5595.7598,17569.6797,18987.9004
2024-09-13,0.0017110258,0.0011221468,0.0012618303,0.0012081712,0.005987044,0.0012558366,-0.005207479,0.0070291245,13230.6699,5626.02,17683.9805,19121.5
2024-09-16,0.0016419291,0.0010620281,0.0011893064,0.0011480302,0.0021846995,0.00026452675,0.002040285,-0.0015904309,13310.1201,5633.0898,17592.1309,19256.3809
2024-09-17,0.0015800893,0.0010071844,0.0011285916,0.0010929033,-0.0017820494,-0.0029006565,-0.0031112288,-0.001573022,13339.2305,5634.5801,17628.0605,19225.7793
2024-09-18,0.0014992952,0.0009392202,0.0010593534,0.0010294318,0.010922054,0.016834345,0.0247674,0.012263772,13315.4805,5618.2598,17573.3008,19195.5605
2024-09-19,0.0014257282,0.0008850172,0.0010094643,0.0009827465,-0.0071950303,-0.001942908,-0.0036516169,-0.0030242489,13461.71,5713.6401,18013.9805,19432.4199
2024-09-20,0.0013178661,0.0008057952,0.0009424612,0.0009127408,0.0037847436,0.002805331,0.001444729,0.0036935145,13365.2002,5702.5498,17948.3203,19373.7402
2024-09-23,0.0011387318,0.0007000193,0.00086855143,0.0008229241,0.0041729375,0.0025080396,0.005561921,0.003138282,13415.8799,5718.5698,17974.2695,19445.4297
2024-09-24,0.0009800345,0.00061472505,0.00080973655,0.0007439852,-0.006395917,-0.0018629815,0.00042544777,-0.0064478707,13471.9805,5732.9302,18074.5195,19506.5508
2024-09-25,0.0008754581,0.0005630553,0.00077179074,0.00068151206,0.004385239,0.004030533,0.0059592538,0.006200226,13386.0898,5722.2598,18082.2109,19381.1797
2024-09-26,0.00084912777,0.00055481493,0.00076654553,0.0006587133,0.0048369914,-0.0012540037,-0.0038942234,-2.5639092e-05,13444.9199,5745.3701,18190.2891,19501.7207
2024-09-27,0.0008729547,0.00057151914,0.000779666,0.00065984577,0.0024735944,0.004227611,0.0038326941,0.0007800981,13510.1104,5738.1699,18119.5898,19501.2207
2024-09-30,0.00092395395,0.000600867,0.0008003786,0.0006805584,-0.0048576137,-0.0093678525,-0.015447074,-0.002180529,13543.5703,5762.48,18189.1699,19516.4395
2024-10-01,0.0009638369,0.0006197542,0.00081276894,0.00069544464,-0.0014389994,0.00013837448,0.00082374795,0.0004035043,13477.9404,5708.75,17910.3594,19473.9297
2024-10-02,0.0010084286,0.00065267086,0.0008421764,0.00073025376,-0.0070298067,-0.0016828291,-0.0003704204,-0.0048423395,13458.5596,5709.54,17925.1191,19481.7891
2024-10-03,0.0010559633,0.0006864518,0.0008697733,0.0007627979,0.0053908373,0.008930258,0.012168283,0.007758278,13364.2803,5699.9399,17918.4805,19387.6797
2024-10-04,0.0011242405,0.0007317737,0.0009097457,0.0008086413,-0.009341995,-0.009632267,-0.011865853,-0.005459404,13436.5195,5751.0698,18137.8496,19538.6797
2024-10-07,0.0011837035,0.0007594824,0.00092767924,0.0008348003,0.0034945682,0.009642717,0.014347646,0.00014040069,13311.5801,5695.9399,17923.9004,19432.3008
2024-10-08,0.0012543052,0.00080013275,0.00096814334,0.0008841455,0.0074210158,0.007088221,0.005960296,0.005749344,13358.1797,5751.1299,18182.9199,19435.0293
2024-10-09,0.0013085827,0.00082330406,0.0009855479,0.000910759,-0.0021423204,-0.0020722626,-0.00052323437,-0.002616597,13457.6797,5792.04,18291.6191,19547.0898
2024-10-10,0.0013450086,0.0008327663,0.0009921119,0.00092645735,0.012256974,0.006033612,0.003324984,0.010978233,13428.8799,5780.0498,18282.0508,19496.0098
2024-10-11,0.0013810322,0.00084996223,0.0010052249,0.0009503886,0.005825074,0.0076781125,0.008671368,0.0052285045,13594.4902,5815.0298,18342.9395,19711.2207
2024-10-14,0.0013882145,0.00084528327,0.0009952188,0.0009490028,-0.0052478304,-0.0076385606,-0.010163501,-0.0068791704,13673.9102,5859.8501,18502.6895,19814.5508
2024-10-15,0.0013548955,0.0008116737,0.0009560883,0.0009184554,0.011682406,0.004668224,0.0028073385,0.007431107,13602.3398,5815.2598,18315.5898,19678.7109
2024-10-16,0.0013069957,0.0007815808,0.00092660636,0.00089509785,-0.0017272349,-0.00017117512,0.0003554261,0.0015004558,13762.1797,5842.4702,18367.0801,19825.4902
2024-10-17,0.0012552142,0.00074922293,0.000898242,0.0008650869,0.0018442371,0.0039636856,0.0062903874,0.0014871994,13738.4297,5841.4702,18373.6094,19855.2598
2024-10-18,0.0012097284,0.0007246733,0.00087696314,0.0008417219,-0.008651976,-0.0018244256,0.0027253379,-0.008306557,13763.79,5864.6699,18489.5508,19884.8105
2024-10-21,0.0011854619,0.0007124841,0.0008675009,0.00082834065,0.00076262833,-0.00047496922,0.0021422387,-0.0028305384,13645.2197,5853.98,18540.0098,19720.3203
2024-10-22,0.0011756271,0.0007109493,0.0008698851,0.00082948804,-0.0072857463,-0.009233829,-0.016449017,-0.0035833973,13655.6299,5851.2002,18579.7695,19664.5801
2024-10-23,0.0011759251,0.00071207434,0.0008778572,0.0008331537,-0.0031650965,0.0021434831,0.0075678583,-0.0017116452,13556.5,5797.4199,18276.6504,19594.2402
2024-10-24,0.0012183338,0.0007502362,0.0009248033,0.00087370723,-0.0054218224,-0.0002995013,0.005583971,-0.005354653,13513.6602,5809.8599,18415.4902,19560.7305
2024-10-25,0.001276195,0.0007925555,0.00096998364,0.0009120479,0.007626786,0.0026479342,0.0026198777,0.004789044,13440.5898,5808.1201,18518.6094,19456.2695
2024-10-28,0.0013474897,0.00083941966,0.0010163933,0.0009579584,-0.004524611,0.0016128256,0.007809092,-0.0047674575,13543.4902,5823.52,18567.1895,19549.6699
2024-10-29,0.0014091507,0.00087498873,0.0010495558,0.0009901077,-0.0014525299,-0.0033056918,-0.0056172917,-0.0020795953,13482.3496,5832.9199,18712.75,19456.6895
2024-10-30,0.0014622137,0.0009103939,0.0010794327,0.0010241568,-0.0058696317,-0.01879013,-0.02794385,-0.00917452,13462.7803,5813.6699,18607.9297,19416.2695
2024-10-31,0.0015033111,0.00094088167,0.0011090189,0.0010546595,0.003734012,0.0040841564,0.007968624,0.00075806485,13383.9902,5705.4502,18095.1504,19238.9492
2024-11-01,0.0015732124,0.0010050684,0.0011841357,0.0011194572,-0.0057526515,-0.0028160512,-0.003291577,-0.00052723684,13434.0596,5728.7998,18239.9199,19253.5391
2024-11-04,0.0016465038,0.0010659471,0.0012538508,0.0011718869,0.012118354,0.012191044,0.014156185,0.011388114,13357.0,5712.6899,18179.9805,19243.3906
2024-11-05,0.0017083138,0.0011199564,0.0013095662,0.0012206733,0.03422244,0.024981268,0.029091436,0.01853931,13519.8496,5782.7598,18439.1699,19463.7891
2024-11-06,0.0017513782,0.0011547431,0.0013306662,0.0012454689,-0.0038858536,0.007403761,0.014952868,0.0024229046,13990.54,5929.04,18983.4707,19828.0
2024-11-07,0.0017044395,0.0011110678,0.0012511984,0.0011948124,0.008141112,0.003749787,0.0008983449,0.0030658827,13936.2803,5973.1001,19269.4609,19876.0996
2024-11-08,0.0015648529,0.0010045469,0.0011141896,0.0011032,0.007886161,0.0009686011,0.00062098395,0.003941546,14050.2002,5995.54,19286.7793,19937.1309
2024-11-11,0.0013452023,0.00085332245,0.0009696707,0.0009713322,-0.009344891,-0.0028968577,-0.0008999134,-0.008155723,14161.4404,6001.3501,19298.7598,20015.8691
2024-11-12,0.0011138767,0.0007096231,0.0008520633,0.0008334145,0.0025065285,0.00023220938,-0.0026318845,-0.00039644615,14029.7197,5983.9902,19281.4004,19853.2891
2024-11-13,0.0009291619,0.00061154366,0.00078787655,0.00073256344,-0.005386681,-0.006068115,-0.0064202375,-0.0056514866,14064.9297,5985.3799,19230.7207,19845.4199
2024-11-14,0.0008073747,0.0005668849,0.0007789433,0.0006780252,-0.0051256022,-0.01329143,-0.022628991,-0.0044597355,13989.3701,5949.1699,19107.6504,19733.5801
2024-11-15,0.0007229373,0.00054363906,0.0007856786,0.00064317137,-0.000782726,0.0039101597,0.005961355,0.0036911967,13917.8496,5870.6201,18680.1191,19645.7695
2024-11-18,0.00069469213,0.00055767596,0.0008251518,0.0006418079,-0.0021919662,0.003955757,0.010358161,-8.616346e-06,13906.96,5893.6201,18791.8105,19718.4199
2024-11-19,0.0006995052,0.0005837679,0.00086232275,0.00064783543,0.0018345416,2.1953527e-05,-0.0011240091,0.0015648825,13876.5098,5916.98,18987.4707,19718.25
2024-11-20,0.0007069111,0.0005974397,0.0008819401,0.00064822286,0.011529461,0.0053262524,0.0003310247,0.011036571,13901.9902,5917.1099,18966.1406,19749.1309
2024-11-21,0.0007510111,0.0006349012,0.0009119883,0.0006711185,0.0078104152,0.0034619458,0.0016447466,0.007739706,14063.2002,5948.71,18972.4199,19968.3008
2024-11-22,0.0008320883,0.00068713725,0.0009416044,0.00070469826,0.011450128,0.0030159324,0.00269004,0.004804226,14173.4697,5969.3398,19003.6504,20123.4492
2024-11-25,0.0009282008,0.00073551387,0.00095389783,0.0007383004,0.0025962228,0.005705703,0.0062497556,-4.501505e-05,14336.6904,5987.3701,19054.8398,20220.3594
2024-11-26,0.00097081065,0.0007420704,0.00093796104,0.000740245,-0.003220704,-0.0038084898,-0.005953775,-0.00047633314,14373.96,6021.6299,19174.3008,20219.4492
2024-11-27,0.0010022596,0.00074309856,0.00091754645,0.0007444322,0.0027732882,0.005592129,0.008239073,0.0030739126,14327.7402,5998.7402,19060.4805,20209.8203
2024-11-29,0.0010561496,0.0007606298,0.0009175241,0.0007669404,-0.00535971,0.0024454605,0.009620432,-0.002905672,14367.5303,6032.3799,19218.1699,20272.0391
2024-12-02,0.0011129677,0.00076986104,0.00091608614,0.0007835999,-0.0071130563,0.00045135047,0.0039584097,-0.0013569733,14290.7305,6047.1499,19403.9492,20213.2207
2024-12-03,0.0011161491,0.00074085593,0.0008878559,0.0007720515,0.0039338944,0.0060331733,0.012964722,0.00013816178,14189.4404,6049.8799,19480.9102,20185.8105
2024-12-04,0.0010787845,0.00069276243,0.0008549541,0.000752382,-0.005911967,-0.0018715141,-0.0017679206,-0.0015446426,14245.3701,6086.4902,19735.1191,20188.5996
2024-12-05,0.0010075942,0.0006366372,0.0008235127,0.00072366,-0.0044905706,0.002492336,0.008064229,-0.0024661687,14161.4004,6075.1099,19700.2598,20157.4395
2024-12-06,0.0009235665,0.0005861744,0.0008026287,0.0006951988,-0.0062666233,-0.0061631636,-0.0062167374,-0.0050620427,14097.9502,6090.27,19859.7695,20107.7891
2024-12-09,0.000876531,0.00056741387,0.0007980913,0.0006821826,-0.0015543827,-0.0029682775,-0.0025085944,-0.0062354244,14009.8799,6052.8501,19736.6895,20006.2598
2024-12-10,0.0008665249,0.00057837367,0.0008231476,0.0006932989,-0.0035786915,0.008132612,0.017504564,0.00045905093,13988.1201,6034.9102,19687.2402,19881.9004
2024-12-11,0.00094248354,0.0006414205,0.0008883178,0.00074810535,-0.003623961,-0.0054287245,-0.0066128587,-0.0061492445,13938.1504,6084.1899,20034.8906,19891.0293
2024-12-12,0.001068823,0.0007218197,0.00095485896,0.0008146316,-0.002987718,-2.647422e-05,0.0011991548,-0.0020112537,13887.7305,6051.25,19902.8398,19769.0898
2024-12-13,0.0012159795,0.00081053376,0.0010327399,0.0008990988,-0.004404332,0.0037921658,0.012327644,-0.0051675434,13846.2998,6051.0898,19926.7207,19729.3691
2024-12-16,0.0013504922,0.00088521093,0.0011037663,0.00097335875,-0.006959765,-0.003871477,-0.003218739,-0.0056236954,13785.4502,6074.0801,20173.8906,19627.6797
2024-12-17,0.0014511421,0.00093862414,0.0011489987,0.0010285005,-0.026754612,-0.029936504,-0.036274318,-0.02756463,13689.8398,6050.6099,20109.0605,19517.6094
2024-12-18,0.0015225187,0.0009826794,0.0011922121,0.0010836422,-0.0002641095,-0.00086549047,-0.0010277191,-0.0015153446,13328.4297,5872.1602,19392.6895,18986.9609
2024-12-19,0.001644209,0.0010845065,0.0012999326,0.001203619,0.009892431,0.010810476,0.010262162,0.008468462,13324.91,5867.0801,19372.7695,18958.2109
2024-12-20,0.0017800406,0.0011944622,0.0014297888,0.0013183877,0.0018901188,0.007260845,0.009776062,0.0045748996,13457.3799,5930.8501,19572.5996,19119.4395
2024-12-23,0.0018390864,0.001250796,0.0014838353,0.001359038,0.008305644,0.01098223,0.013380937,0.0069715464,13482.84,5974.0698,19764.8809,19207.1094
2024-12-24,0.0018666163,0.0012771636,0.0015063286,0.0013805181,0.0,-0.00040574186,-0.0005378826,0.0011894546,13595.29,6040.04,20031.1309,19341.4805
2024-12-26,0.0018516853,0.0012631267,0.0014781803,0.0013545454,-0.00662383,-0.011117305,-0.015013476,-0.0065290267,13606.6201,6037.5898,20020.3594,19364.5
2024-12-27,0.001812689,0.0012262613,0.001421906,0.0013015047,-0.008895112,-0.010759674,-0.011999495,-0.0083803125,13516.79,5970.8398,19722.0293,19238.4805
2024-12-30,0.0017948002,0.0012106299,0.0013907924,0.0012786388,-0.00040164546,-0.0042939964,-0.009072794,0.0010043163,13397.0898,5906.9399,19486.7891,19077.9297
