Date,Predicted_Log_Return,Index,Adjusted_close
2023-01-03,0.0074576447,DJA,10967.4297
2023-01-04,0.0064359736,DJA,11058.5801
2023-01-05,0.006117447,DJA,10914.7402
2023-01-06,0.0035693645,DJA,11183.5498
2023-01-09,0.004279203,DJA,11203.3496
2023-01-10,0.0031363291,DJA,11252.9502
2023-01-11,0.0026648203,DJA,11376.1699
2023-01-12,0.0036216644,DJA,11426.1699
2023-01-13,0.0024389029,DJA,11431.3496
2023-01-17,0.0027877537,DJA,11349.8301
2023-01-18,0.004747845,DJA,11174.0303
2023-01-19,0.0074704466,DJA,11071.2695
2023-01-20,0.0044947076,DJA,11200.8398
2023-01-23,0.0032696582,DJA,11295.9297
2023-01-24,0.00390693,DJA,11301.3203
2023-01-25,0.0041592848,DJA,11261.5303
2023-01-26,0.004237725,DJA,11310.3096
2023-01-27,0.0031361568,DJA,11358.2402
2023-01-30,0.0054045827,DJA,11231.6201
2023-01-31,0.0027811453,DJA,11419.7598
2023-02-01,0.0030995153,DJA,11542.3203
2023-02-02,0.0033447691,DJA,11632.6904
2023-02-03,0.0039507463,DJA,11543.6797
2023-02-06,0.003466327,DJA,11516.6396
2023-02-07,0.0029192686,DJA,11590.6699
2023-02-08,0.0035346902,DJA,11502.0596
2023-02-09,0.0065230043,DJA,11361.21
2023-02-10,0.0043030353,DJA,11418.8398
2023-02-13,0.0027845236,DJA,11532.6699
2023-02-14,0.0037397034,DJA,11526.3096
2023-02-15,0.003974295,DJA,11552.4004
2023-02-16,0.006044409,DJA,11415.9697
2023-02-17,0.0034446132,DJA,11443.1602
2023-02-21,0.008630154,DJA,11177.6396
2023-02-22,0.009343955,DJA,11134.5
2023-02-23,0.0087669315,DJA,11180.2598
2023-02-24,0.007253949,DJA,11095.3896
2023-02-27,0.007931077,DJA,11141.21
2023-02-28,0.008635879,DJA,11048.1299
2023-03-01,0.008767637,DJA,11031.1797
2023-03-02,0.0029256276,DJA,11176.7305
2023-03-03,0.004438233,DJA,11290.6699
2023-03-06,0.006863005,DJA,11275.5195
2023-03-07,0.006214625,DJA,11095.96
2023-03-08,0.006700748,DJA,11114.2197
2023-03-09,0.0063952683,DJA,10928.3203
2023-03-10,0.008007584,DJA,10760.0898
2023-03-13,0.007963385,DJA,10715.0703
2023-03-14,0.006759379,DJA,10788.8701
2023-03-15,0.008146914,DJA,10726.3496
2023-03-16,0.0034433843,DJA,10848.4102
2023-03-17,0.0051975558,DJA,10717.5596
2023-03-20,0.005830767,DJA,10804.6602
2023-03-21,0.0055983434,DJA,10878.3203
2023-03-22,0.009839564,DJA,10683.2803
2023-03-23,0.008956784,DJA,10679.79
2023-03-24,0.008970269,DJA,10756.4697
2023-03-27,0.010688215,DJA,10835.7197
2023-03-28,0.008022099,DJA,10841.4502
2023-03-29,0.00664462,DJA,10958.4404
2023-03-30,0.0049690455,DJA,11005.2305
2023-03-31,0.0024141378,DJA,11163.8096
2023-04-03,0.0029087123,DJA,11183.1201
2023-04-04,0.0029412783,DJA,11100.0195
2023-04-05,0.0033794125,DJA,11133.04
2023-04-06,0.0033833962,DJA,11156.6699
2023-04-10,0.0028065606,DJA,11224.3496
2023-04-11,0.0025282712,DJA,11279.9102
2023-04-12,0.0024928527,DJA,11238.6797
2023-04-13,0.0028415143,DJA,11306.7803
2023-04-14,0.0022485259,DJA,11271.2305
2023-04-17,0.0024443595,DJA,11317.4004
2023-04-18,0.002541818,DJA,11306.3496
2023-04-19,0.0025720093,DJA,11330.2598
2023-04-20,0.003492684,DJA,11311.0898
2023-04-21,0.0026665495,DJA,11312.7197
2023-04-24,0.0028438878,DJA,11345.0303
2023-04-25,0.0040005078,DJA,11167.6904
2023-04-26,0.0061760964,DJA,10983.4297
2023-04-27,0.0045611295,DJA,11175.7197
2023-04-28,0.004453797,DJA,11270.4697
2023-05-01,0.00507942,DJA,11293.1396
2023-05-02,0.0060933405,DJA,11163.21
2023-05-03,0.006716462,DJA,11110.1504
2023-05-04,0.0068970807,DJA,11032.3203
2023-05-05,0.004896051,DJA,11212.9697
2023-05-08,0.006324802,DJA,11174.4102
2023-05-09,0.0067087025,DJA,11150.7695
2023-05-10,0.006178976,DJA,11148.2002
2023-05-11,0.0067281895,DJA,11070.21
2023-05-12,0.0066261324,DJA,11062.2998
2023-05-15,0.00656913,DJA,11062.4902
2023-05-16,0.0070754127,DJA,10917.0996
2023-05-17,0.0046064476,DJA,11056.1504
2023-05-18,0.006468457,DJA,11085.1104
2023-05-19,0.005879818,DJA,11040.2803
2023-05-22,0.0061312313,DJA,11021.1904
2023-05-23,0.0062016463,DJA,10963.7803
2023-05-24,0.0062681735,DJA,10859.8096
2023-05-25,0.005360476,DJA,10873.6201
2023-05-26,0.0051771,DJA,10938.5498
2023-05-30,0.0055897664,DJA,10939.46
2023-05-31,0.0047201044,DJA,10872.0
2023-06-01,0.005152384,DJA,10922.4697
2023-06-02,0.0032938998,DJA,11132.9297
2023-06-05,0.004497168,DJA,11066.5098
2023-06-06,0.0029673132,DJA,11080.7998
2023-06-07,0.0027323847,DJA,11198.1699
2023-06-08,0.0035880897,DJA,11234.5195
2023-06-09,0.002926758,DJA,11200.2598
2023-06-12,0.0026386501,DJA,11246.7695
2023-06-13,0.0026760763,DJA,11303.3701
2023-06-14,0.0025317448,DJA,11298.6699
2023-06-15,0.0025248458,DJA,11447.3203
2023-06-16,0.0020103033,DJA,11415.8301
2023-06-20,0.0024259824,DJA,11341.0801
2023-06-21,0.0025632083,DJA,11334.3896
2023-06-22,0.0033308268,DJA,11334.5303
2023-06-23,0.004100823,DJA,11243.8799
2023-06-26,0.0030395135,DJA,11293.75
2023-06-27,0.002409703,DJA,11424.9502
2023-06-28,0.0029248942,DJA,11411.9902
2023-06-29,0.0033605841,DJA,11488.4805
2023-06-30,0.0023381137,DJA,11563.04
2023-07-03,0.0024740116,DJA,11592.5498
2023-07-05,0.0026719787,DJA,11564.54
2023-07-06,0.004463131,DJA,11447.6396
2023-07-07,0.0036700955,DJA,11435.54
2023-07-10,0.003044387,DJA,11505.5996
2023-07-11,0.0023718954,DJA,11634.2402
2023-07-12,0.002607748,DJA,11666.9697
2023-07-13,0.003337827,DJA,11682.7305
2023-07-14,0.0021909801,DJA,11680.6201
2023-07-17,0.0023374096,DJA,11676.4805
2023-07-18,0.0021899214,DJA,11805.1299
2023-07-19,0.0023903355,DJA,11870.2803
2023-07-20,0.0028283286,DJA,11928.6699
2023-07-21,0.0022410497,DJA,11942.9404
2023-07-24,0.0025436676,DJA,11967.6104
2023-07-25,0.0023801867,DJA,11972.9199
2023-07-26,0.0021732848,DJA,12083.25
2023-07-27,0.0030845907,DJA,11966.4297
2023-07-28,0.002115832,DJA,12060.1602
2023-07-31,0.0023642278,DJA,12060.6396
2023-08-01,0.00242515,DJA,12037.3896
2023-08-02,0.0034861267,DJA,11939.3203
2023-08-03,0.004854536,DJA,11888.8096
2023-08-04,0.004605174,DJA,11825.7402
2023-08-07,0.003131233,DJA,11924.4102
2023-08-08,0.0057463227,DJA,11880.4502
2023-08-09,0.005790425,DJA,11814.75
2023-08-10,0.0070924102,DJA,11836.54
2023-08-11,0.0051219636,DJA,11858.1396
2023-08-14,0.0052343146,DJA,11860.3301
2023-08-15,0.005802749,DJA,11705.1504
2023-08-16,0.006917265,DJA,11644.5
2023-08-17,0.0059105745,DJA,11547.6201
2023-08-18,0.0069506224,DJA,11570.04
2023-08-21,0.008170902,DJA,11555.54
2023-08-22,0.007364297,DJA,11500.7998
2023-08-23,0.005603493,DJA,11581.6201
2023-08-24,0.0061037936,DJA,11473.4297
2023-08-25,0.0053813844,DJA,11528.1797
2023-08-28,0.004481746,DJA,11590.3496
2023-08-29,0.004227098,DJA,11682.5898
2023-08-30,0.0050712232,DJA,11701.5801
2023-08-31,0.0060626566,DJA,11610.4404
2023-09-01,0.0042742025,DJA,11647.5303
2023-09-05,0.004743899,DJA,11510.79
2023-09-06,0.0053691403,DJA,11449.5898
2023-09-07,0.005547593,DJA,11462.46
2023-09-08,0.0042338297,DJA,11469.7402
2023-09-11,0.004790576,DJA,11507.4902
2023-09-12,0.005334294,DJA,11487.9102
2023-09-13,0.0052706115,DJA,11495.8398
2023-09-14,0.0037592973,DJA,11610.8398
2023-09-15,0.0031349545,DJA,11537.9004
2023-09-18,0.004758655,DJA,11518.4697
2023-09-19,0.004970247,DJA,11470.04
2023-09-20,0.004452013,DJA,11457.04
2023-09-21,0.0039532864,DJA,11341.3398
2023-09-22,0.004855848,DJA,11300.3896
2023-09-25,0.0048426813,DJA,11330.5498
2023-09-26,0.0058756135,DJA,11154.5801
2023-09-27,0.0073737972,DJA,11122.9004
2023-09-28,0.006942469,DJA,11153.7002
2023-09-29,0.006381799,DJA,11120.1504
2023-10-02,0.00822923,DJA,11016.4502
2023-10-03,0.008486061,DJA,10916.1504
2023-10-04,0.00804206,DJA,10957.9297
2023-10-05,0.006516007,DJA,10939.9502
2023-10-06,0.0054212804,DJA,11040.2402
2023-10-09,0.004332303,DJA,11123.71
2023-10-10,0.005435786,DJA,11192.25
2023-10-11,0.005606783,DJA,11233.1504
2023-10-12,0.006090155,DJA,11144.4502
2023-10-13,0.0043997476,DJA,11107.4297
2023-10-16,0.0021883762,DJA,11242.3203
2023-10-17,0.0032042987,DJA,11270.7402
2023-10-18,0.0044323765,DJA,11081.3203
2023-10-19,0.0051653692,DJA,10987.9199
2023-10-20,0.0052855313,DJA,10919.3096
2023-10-23,0.007103239,DJA,10828.3496
2023-10-24,0.006394298,DJA,10895.7002
2023-10-25,0.006990075,DJA,10803.0498
2023-10-26,0.0061252657,DJA,10714.6201
2023-10-27,0.008189218,DJA,10596.5303
2023-10-30,0.003164185,DJA,10761.1504
2023-10-31,0.0065114223,DJA,10812.3398
2023-11-01,0.0058183423,DJA,10897.1504
2023-11-02,0.0036550846,DJA,11093.75
2023-11-03,0.0041520656,DJA,11200.6602
2023-11-06,0.0039790333,DJA,11196.46
2023-11-07,0.003626863,DJA,11184.5596
2023-11-08,0.003564281,DJA,11161.5303
2023-11-09,0.005197071,DJA,11075.5098
2023-11-10,0.003149298,DJA,11191.6504
2023-11-13,0.0033734671,DJA,11175.8701
2023-11-14,0.0023581798,DJA,11425.5303
2023-11-15,0.002804939,DJA,11477.3799
2023-11-16,0.0030821282,DJA,11444.2305
2023-11-17,0.002535396,DJA,11471.3604
2023-11-20,0.0026589301,DJA,11516.9805
2023-11-21,0.0026531157,DJA,11508.5596
2023-11-22,0.0029153046,DJA,11556.6201
2023-11-24,0.002839804,DJA,11597.6396
2023-11-27,0.003508323,DJA,11545.04
2023-11-28,0.0033207773,DJA,11546.4902
2023-11-29,0.0029617334,DJA,11540.8203
2023-11-30,0.002864311,DJA,11693.9004
2023-12-01,0.0022869536,DJA,11861.9004
2023-12-04,0.0026408185,DJA,11865.0303
2023-12-05,0.002838815,DJA,11786.6104
2023-12-06,0.002924182,DJA,11779.29
2023-12-07,0.0033722795,DJA,11804.9697
2023-12-08,0.0027820636,DJA,11805.2695
2023-12-11,0.0024552695,DJA,11882.7998
2023-12-12,0.002568347,DJA,11918.04
2023-12-13,0.0024066109,DJA,12110.6904
2023-12-14,0.0027397976,DJA,12189.6504
2023-12-15,0.002237373,DJA,12198.9805
2023-12-18,0.002777497,DJA,12184.21
2023-12-19,0.002588773,DJA,12271.2998
2023-12-20,0.003768709,DJA,12070.6396
2023-12-21,0.0032662207,DJA,12193.1299
2023-12-22,0.003087176,DJA,12211.5
2023-12-26,0.0024998703,DJA,12260.8398
2023-12-27,0.003023342,DJA,12263.6104
2023-12-28,0.0034170202,DJA,12277.4102
2023-12-29,0.0029575173,DJA,12249.9697
2024-01-02,0.002884336,DJA,12248.3301
2024-01-03,0.0039445604,DJA,12139.5303
2024-01-04,0.005901627,DJA,12136.8496
2024-01-05,0.0043522306,DJA,12149.1396
2024-01-08,0.0030358161,DJA,12230.9805
2024-01-09,0.00579087,DJA,12164.29
2024-01-10,0.00481279,DJA,12215.9199
2024-01-11,0.0046013603,DJA,12173.6201
2024-01-12,0.0038419522,DJA,12145.5498
2024-01-16,0.0053698057,DJA,12056.8301
2024-01-17,0.006383816,DJA,11995.6797
2024-01-18,0.0048177764,DJA,12076.0898
2024-01-19,0.0034718907,DJA,12173.6104
2024-01-22,0.002958957,DJA,12268.8398
2024-01-23,0.0043531135,DJA,12240.5996
2024-01-24,0.0027946525,DJA,12168.04
2024-01-25,0.0024515965,DJA,12281.0098
2024-01-26,0.0021610907,DJA,12283.6699
2024-01-29,0.0022460127,DJA,12345.0596
2024-01-30,0.0025837435,DJA,12336.1201
2024-01-31,0.0034800156,DJA,12214.9697
2024-02-01,0.0029886845,DJA,12337.8496
2024-02-02,0.0022821,DJA,12373.0498
2024-02-05,0.0030137852,DJA,12270.4902
2024-02-06,0.0022896475,DJA,12370.0195
2024-02-07,0.0025282765,DJA,12414.54
2024-02-08,0.0034668304,DJA,12429.0596
2024-02-09,0.0025315895,DJA,12438.3398
2024-02-12,0.002504082,DJA,12478.3496
2024-02-13,0.0036807107,DJA,12259.71
2024-02-14,0.003981522,DJA,12304.29
2024-02-15,0.0037383947,DJA,12412.4102
2024-02-16,0.00406527,DJA,12320.4102
2024-02-20,0.004995127,DJA,12269.3301
2024-02-21,0.0043653627,DJA,12322.6602
2024-02-22,0.0028220469,DJA,12451.4902
2024-02-23,0.0025960042,DJA,12489.8203
2024-02-26,0.0025315736,DJA,12435.1797
2024-02-27,0.0033482877,DJA,12421.1504
2024-02-28,0.003219123,DJA,12395.3799
2024-02-29,0.004382138,DJA,12433.4102
2024-03-01,0.003247281,DJA,12437.1602
2024-03-04,0.003043645,DJA,12430.75
2024-03-05,0.0031178836,DJA,12307.1797
2024-03-06,0.0033184232,DJA,12343.5098
2024-03-07,0.0056733056,DJA,12413.1904
2024-03-08,0.0040728045,DJA,12375.4102
2024-03-11,0.0034844778,DJA,12412.3604
2024-03-12,0.0022107393,DJA,12466.4902
2024-03-13,0.0026359048,DJA,12466.3203
2024-03-14,0.0039684055,DJA,12380.8301
2024-03-15,0.0023968273,DJA,12318.0098
2024-03-18,0.0049234396,DJA,12320.1504
2024-03-19,0.003779629,DJA,12419.6396
2024-03-20,0.0027069193,DJA,12558.1699
2024-03-21,0.0028580143,DJA,12650.8301
2024-03-22,0.002023122,DJA,12591.7402
2024-03-25,0.0022938184,DJA,12537.9404
2024-03-26,0.0025379844,DJA,12508.0898
2024-03-27,0.0022095237,DJA,12677.0195
2024-03-28,0.0029641348,DJA,12735.7402
2024-04-01,0.0027947444,DJA,12639.0898
2024-04-02,0.0027698127,DJA,12522.46
2024-04-03,0.0033598735,DJA,12529.3398
2024-04-04,0.005497009,DJA,12389.6904
2024-04-05,0.0034568342,DJA,12474.0098
2024-04-08,0.0042960434,DJA,12483.0996
2024-04-09,0.004879794,DJA,12499.6299
2024-04-10,0.005861083,DJA,12312.0498
2024-04-11,0.008422784,DJA,12336.3096
2024-04-12,0.0069276164,DJA,12178.9102
2024-04-15,0.008866506,DJA,12096.7197
2024-04-16,0.008227606,DJA,12059.6104
2024-04-17,0.008428839,DJA,12025.7197
2024-04-18,0.0064819916,DJA,12033.1104
2024-04-19,0.0057173204,DJA,12127.8701
2024-04-22,0.0032033855,DJA,12219.96
2024-04-23,0.004284886,DJA,12320.5703
2024-04-24,0.0045928066,DJA,12249.5703
2024-04-25,0.0060775126,DJA,12221.5098
2024-04-26,0.004196413,DJA,12210.4502
2024-04-29,0.0034407661,DJA,12268.79
2024-04-30,0.004952416,DJA,12085.6104
2024-05-01,0.005250683,DJA,12110.8203
2024-05-02,0.003658246,DJA,12258.4502
2024-05-03,0.0026910172,DJA,12382.2998
2024-05-06,0.002591391,DJA,12430.9502
2024-05-07,0.0026499494,DJA,12466.5801
2024-05-08,0.0026884032,DJA,12506.7803
2024-05-09,0.0028366416,DJA,12605.2402
2024-05-10,0.0022817038,DJA,12646.46
2024-05-13,0.0027514058,DJA,12634.3203
2024-05-14,0.002513061,DJA,12645.5498
2024-05-15,0.002503052,DJA,12734.4404
2024-05-16,0.003035196,DJA,12722.9805
2024-05-17,0.0021609997,DJA,12740.2402
2024-05-20,0.0022645325,DJA,12683.29
2024-05-21,0.0022551122,DJA,12652.1699
2024-05-22,0.002600589,DJA,12600.4297
2024-05-23,0.0051111723,DJA,12407.29
2024-05-24,0.0045442726,DJA,12426.3301
2024-05-28,0.007071289,DJA,12357.3203
2024-05-29,0.007199486,DJA,12214.2402
2024-05-30,0.006564886,DJA,12206.04
2024-05-31,0.004038156,DJA,12412.96
2024-06-03,0.005374838,DJA,12346.3896
2024-06-04,0.006048847,DJA,12352.79
2024-06-05,0.0050421264,DJA,12393.1904
2024-06-06,0.00600934,DJA,12391.6504
2024-06-07,0.0045010634,DJA,12349.9805
2024-06-10,0.0035990735,DJA,12399.4297
2024-06-11,0.0046329,DJA,12339.0498
2024-06-12,0.0045759575,DJA,12346.6299
2024-06-13,0.0050969976,DJA,12303.5898
2024-06-14,0.004717879,DJA,12258.3496
2024-06-17,0.0034960252,DJA,12309.4805
2024-06-18,0.0036702023,DJA,12313.3203
2024-06-20,0.003308965,DJA,12417.1699
2024-06-21,0.0028584658,DJA,12422.3799
2024-06-24,0.0022405467,DJA,12520.4297
2024-06-25,0.0027601295,DJA,12414.7598
2024-06-26,0.0029305618,DJA,12466.0596
2024-06-27,0.0036518513,DJA,12461.1602
2024-06-28,0.0023259423,DJA,12473.1904
2024-07-01,0.0029850763,DJA,12447.0898
2024-07-02,0.0024539293,DJA,12499.0
2024-07-03,0.0024706833,DJA,12503.5098
2024-07-05,0.0021927287,DJA,12499.1797
2024-07-08,0.002639646,DJA,12463.1396
2024-07-09,0.0027226172,DJA,12425.5703
2024-07-10,0.0023157182,DJA,12548.9902
2024-07-11,0.0027669482,DJA,12655.1299
2024-07-12,0.0020492582,DJA,12734.7998
2024-07-15,0.002413305,DJA,12805.1904
2024-07-16,0.0021867456,DJA,13077.4102
2024-07-17,0.002469132,DJA,13101.8896
2024-07-18,0.0033573802,DJA,12931.0898
2024-07-19,0.0025838064,DJA,12854.1299
2024-07-22,0.0023473885,DJA,12914.0498
2024-07-23,0.0035181872,DJA,12843.8701
2024-07-24,0.0045142085,DJA,12729.0703
2024-07-25,0.005415249,DJA,12774.4502
2024-07-26,0.0024815733,DJA,12975.4004
2024-07-29,0.0028544546,DJA,12968.2197
2024-07-30,0.0028376423,DJA,13049.6904
2024-07-31,0.003248646,DJA,13086.5
2024-08-01,0.0044564484,DJA,12967.4805
2024-08-02,0.004990548,DJA,12768.4502
2024-08-05,0.00786664,DJA,12461.7002
2024-08-06,0.008101884,DJA,12572.21
2024-08-07,0.00782098,DJA,12502.5303
2024-08-08,0.005620905,DJA,12686.04
2024-08-09,0.0067381673,DJA,12676.9805
2024-08-12,0.007556118,DJA,12636.8096
2024-08-13,0.005321906,DJA,12753.7803
2024-08-14,0.006648724,DJA,12803.5596
2024-08-15,0.0030842002,DJA,12951.7402
2024-08-16,0.003132723,DJA,12991.3701
2024-08-19,0.0026077398,DJA,13074.1104
2024-08-20,0.0038161736,DJA,13029.4102
2024-08-21,0.0036422804,DJA,13078.0098
2024-08-22,0.0033816122,DJA,13018.04
2024-08-23,0.00206324,DJA,13165.9102
2024-08-26,0.0024650663,DJA,13177.25
2024-08-27,0.002280538,DJA,13148.71
2024-08-28,0.0025364268,DJA,13128.2305
2024-08-29,0.0028871715,DJA,13184.3203
2024-08-30,0.0022280202,DJA,13275.6201
2024-09-03,0.0027542626,DJA,13126.2803
2024-09-04,0.0027631065,DJA,13159.5596
2024-09-05,0.0046207667,DJA,13050.96
2024-09-06,0.004265355,DJA,12916.8799
2024-09-09,0.0028338565,DJA,13074.5498
2024-09-10,0.005123756,DJA,13056.54
2024-09-11,0.0043974263,DJA,13065.9502
2024-09-12,0.004411523,DJA,13133.54
2024-09-13,0.002350132,DJA,13230.6699
2024-09-16,0.0024158992,DJA,13310.1201
2024-09-17,0.0026102043,DJA,13339.2305
2024-09-18,0.0026663837,DJA,13315.4805
2024-09-19,0.0025239692,DJA,13461.71
2024-09-20,0.0026373735,DJA,13365.2002
2024-09-23,0.0021060097,DJA,13415.8799
2024-09-24,0.0024731748,DJA,13471.9805
2024-09-25,0.0025053814,DJA,13386.0898
2024-09-26,0.002847635,DJA,13444.9199
2024-09-27,0.0020155448,DJA,13510.1104
2024-09-30,0.0021780103,DJA,13543.5703
2024-10-01,0.00236088,DJA,13477.9404
2024-10-02,0.0024999387,DJA,13458.5596
2024-10-03,0.0041266275,DJA,13364.2803
2024-10-04,0.0029682675,DJA,13436.5195
2024-10-07,0.0040030363,DJA,13311.5801
2024-10-08,0.0030938662,DJA,13358.1797
2024-10-09,0.004220081,DJA,13457.6797
2024-10-10,0.004593104,DJA,13428.8799
2024-10-11,0.0019041438,DJA,13594.4902
2024-10-14,0.0024848045,DJA,13673.9102
2024-10-15,0.0025714675,DJA,13602.3398
2024-10-16,0.0022529818,DJA,13762.1797
2024-10-17,0.0032373986,DJA,13738.4297
2024-10-18,0.002252349,DJA,13763.79
2024-10-21,0.0027708942,DJA,13645.2197
2024-10-22,0.002623284,DJA,13655.6299
2024-10-23,0.003431627,DJA,13556.5
2024-10-24,0.004511561,DJA,13513.6602
2024-10-25,0.003536742,DJA,13440.5898
2024-10-28,0.0021360896,DJA,13543.4902
2024-10-29,0.004656848,DJA,13482.3496
2024-10-30,0.0042639165,DJA,13462.7803
2024-10-31,0.0061127055,DJA,13383.9902
2024-11-01,0.004908358,DJA,13434.0596
2024-11-04,0.00497187,DJA,13357.0
2024-11-05,0.003306128,DJA,13519.8496
2024-11-06,0.0026256992,DJA,13990.54
2024-11-07,0.0038370627,DJA,13936.2803
2024-11-08,0.0022670731,DJA,14050.2002
2024-11-11,0.002389262,DJA,14161.4404
2024-11-12,0.0030101165,DJA,14029.7197
2024-11-13,0.0031035196,DJA,14064.9297
2024-11-14,0.0044206693,DJA,13989.3701
2024-11-15,0.004023234,DJA,13917.8496
2024-11-18,0.003962973,DJA,13906.96
2024-11-19,0.0035249332,DJA,13876.5098
2024-11-20,0.0034375475,DJA,13901.9902
2024-11-21,0.003546185,DJA,14063.2002
2024-11-22,0.002791934,DJA,14173.4697
2024-11-25,0.0024668984,DJA,14336.6904
2024-11-26,0.0031339847,DJA,14373.96
2024-11-27,0.0030545979,DJA,14327.7402
2024-11-29,0.002604731,DJA,14367.5303
2024-12-02,0.003947446,DJA,14290.7305
2024-12-03,0.003868378,DJA,14189.4404
2024-12-04,0.0037899315,DJA,14245.3701
2024-12-05,0.0045937267,DJA,14161.4004
2024-12-06,0.0035116505,DJA,14097.9502
2024-12-09,0.0040559922,DJA,14009.8799
2024-12-10,0.0052557816,DJA,13988.1201
2024-12-11,0.0056782262,DJA,13938.1504
2024-12-12,0.007366924,DJA,13887.7305
2024-12-13,0.006386292,DJA,13846.2998
2024-12-16,0.0075260075,DJA,13785.4502
2024-12-17,0.0070664817,DJA,13689.8398
2024-12-18,0.009879978,DJA,13328.4297
2024-12-19,0.00766462,DJA,13324.91
2024-12-20,0.0062624705,DJA,13457.3799
2024-12-23,0.0076868283,DJA,13482.84
2024-12-24,0.0039251596,DJA,13595.29
2024-12-25,0.0075216275,DJA,13595.29
2024-12-26,0.008742878,DJA,13606.6201
2024-12-27,0.0070380457,DJA,13516.79
2024-12-30,0.007756216,DJA,13397.0898
2023-01-03,0.009763774,GSPC,3824.1399
2023-01-04,0.00910092,GSPC,3852.97
2023-01-05,0.007201834,GSPC,3808.1001
2023-01-06,0.0038256755,GSPC,3895.0801
2023-01-09,0.006279086,GSPC,3892.0901
2023-01-10,0.0037111705,GSPC,3919.25
2023-01-11,0.0030482172,GSPC,3969.6101
2023-01-12,0.0045590554,GSPC,3983.1699
2023-01-13,0.002746214,GSPC,3999.0901
2023-01-17,0.00304945,GSPC,3990.97
2023-01-18,0.006010701,GSPC,3928.8601
2023-01-19,0.0071742465,GSPC,3898.8501
2023-01-20,0.0035730123,GSPC,3972.6101
2023-01-23,0.0029987106,GSPC,4019.8101
2023-01-24,0.0033583099,GSPC,4016.95
2023-01-25,0.003667092,GSPC,4016.22
2023-01-26,0.0029218707,GSPC,4060.4299
2023-01-27,0.0028045876,GSPC,4070.5601
2023-01-30,0.0069061914,GSPC,4017.77
2023-01-31,0.0027049603,GSPC,4076.6001
2023-02-01,0.0032632097,GSPC,4119.21
2023-02-02,0.0028806005,GSPC,4179.7598
2023-02-03,0.0045931037,GSPC,4136.48
2023-02-06,0.004543075,GSPC,4111.0801
2023-02-07,0.0027486659,GSPC,4164.0
2023-02-08,0.006283499,GSPC,4117.8599
2023-02-09,0.00826418,GSPC,4081.5
2023-02-10,0.0066086897,GSPC,4090.46
2023-02-13,0.003874423,GSPC,4137.29
2023-02-14,0.0058130785,GSPC,4136.1299
2023-02-15,0.0062957187,GSPC,4147.6001
2023-02-16,0.008026499,GSPC,4090.4099
2023-02-17,0.0065884013,GSPC,4079.0901
2023-02-21,0.010178103,GSPC,3997.3401
2023-02-22,0.011795197,GSPC,3991.05
2023-02-23,0.009136236,GSPC,4012.3201
2023-02-24,0.009270923,GSPC,3970.04
2023-02-27,0.010276729,GSPC,3982.24
2023-02-28,0.010416087,GSPC,3970.1499
2023-03-01,0.010472666,GSPC,3951.3899
2023-03-02,0.007943659,GSPC,3981.3501
2023-03-03,0.0036308502,GSPC,4045.6399
2023-03-06,0.0079864,GSPC,4048.4199
2023-03-07,0.0069893044,GSPC,3986.3701
2023-03-08,0.0077091637,GSPC,3992.01
2023-03-09,0.0067772847,GSPC,3918.3201
2023-03-10,0.0077813356,GSPC,3861.5901
2023-03-13,0.0073169647,GSPC,3855.76
2023-03-14,0.005721177,GSPC,3919.29
2023-03-15,0.006505882,GSPC,3891.9299
2023-03-16,0.0038709808,GSPC,3960.28
2023-03-17,5.4449658e-05,GSPC,3916.6399
2023-03-20,0.004897873,GSPC,3951.5701
2023-03-21,0.0043927906,GSPC,4002.8701
2023-03-22,0.0076441835,GSPC,3936.97
2023-03-23,0.008527436,GSPC,3948.72
2023-03-24,0.0075923884,GSPC,3970.99
2023-03-27,0.007001034,GSPC,3977.53
2023-03-28,0.006451531,GSPC,3971.27
2023-03-29,0.0037275266,GSPC,4027.8101
2023-03-30,0.0039042174,GSPC,4050.8301
2023-03-31,0.0023664378,GSPC,4109.3101
2023-04-03,0.0030050431,GSPC,4124.5098
2023-04-04,0.0028714784,GSPC,4100.6001
2023-04-05,0.004123211,GSPC,4090.3799
2023-04-06,0.0036636328,GSPC,4105.02
2023-04-10,0.0035199549,GSPC,4109.1099
2023-04-11,0.0036651685,GSPC,4108.9399
2023-04-12,0.0035318164,GSPC,4091.95
2023-04-13,0.002761042,GSPC,4146.2202
2023-04-14,0.0023855742,GSPC,4137.6401
2023-04-17,0.002478749,GSPC,4151.3198
2023-04-18,0.0025524315,GSPC,4154.8701
2023-04-19,0.0026043074,GSPC,4154.52
2023-04-20,0.005128324,GSPC,4129.79
2023-04-21,0.0039773807,GSPC,4133.52
2023-04-24,0.004806786,GSPC,4137.04
2023-04-25,0.006146078,GSPC,4071.6299
2023-04-26,0.008159692,GSPC,4055.99
2023-04-27,0.003713117,GSPC,4135.3501
2023-04-28,0.0034138162,GSPC,4169.48
2023-05-01,0.0045896047,GSPC,4167.8701
2023-05-02,0.00505662,GSPC,4119.5801
2023-05-03,0.0073099313,GSPC,4090.75
2023-05-04,0.0068772077,GSPC,4061.22
2023-05-05,0.005408214,GSPC,4136.25
2023-05-08,0.007208417,GSPC,4138.1201
2023-05-09,0.0069344607,GSPC,4119.1699
2023-05-10,0.0064915568,GSPC,4137.6401
2023-05-11,0.0051701227,GSPC,4130.6201
2023-05-12,0.0052210274,GSPC,4124.0801
2023-05-15,0.004927109,GSPC,4136.2798
2023-05-16,0.0048815454,GSPC,4109.8999
2023-05-17,0.0038099485,GSPC,4158.77
2023-05-18,0.003499903,GSPC,4198.0498
2023-05-19,0.0033238628,GSPC,4191.98
2023-05-22,0.0031643612,GSPC,4192.6299
2023-05-23,0.0038463045,GSPC,4145.5801
2023-05-24,0.0044802455,GSPC,4115.2402
2023-05-25,0.0053149834,GSPC,4151.2798
2023-05-26,0.0026311772,GSPC,4205.4502
2023-05-30,0.0032536436,GSPC,4205.52
2023-05-31,0.004297291,GSPC,4179.8301
2023-06-01,0.0030679433,GSPC,4221.02
2023-06-02,0.002166623,GSPC,4282.3701
2023-06-05,0.0031314818,GSPC,4273.79
2023-06-06,0.0026478616,GSPC,4283.8501
2023-06-07,0.0036094745,GSPC,4267.52
2023-06-08,0.003927613,GSPC,4293.9302
2023-06-09,0.0032541791,GSPC,4298.8599
2023-06-12,0.0024859642,GSPC,4338.9302
2023-06-13,0.0024384093,GSPC,4369.0098
2023-06-14,0.0025583687,GSPC,4372.5898
2023-06-15,0.0025946507,GSPC,4425.8398
2023-06-16,0.0021496587,GSPC,4409.5898
2023-06-20,0.0026438327,GSPC,4388.71
2023-06-21,0.0032718617,GSPC,4365.6899
2023-06-22,0.003954518,GSPC,4381.8901
2023-06-23,0.004980202,GSPC,4348.3301
2023-06-26,0.005550838,GSPC,4328.8198
2023-06-27,0.0029990189,GSPC,4378.4102
2023-06-28,0.0035678486,GSPC,4376.8599
2023-06-29,0.004491194,GSPC,4396.4399
2023-06-30,0.0021685227,GSPC,4450.3799
2023-07-03,0.0024837204,GSPC,4455.5898
2023-07-05,0.003192052,GSPC,4446.8198
2023-07-06,0.005181663,GSPC,4411.5898
2023-07-07,0.004923031,GSPC,4398.9502
2023-07-10,0.004763773,GSPC,4409.5298
2023-07-11,0.0036203433,GSPC,4439.2598
2023-07-12,0.0029090247,GSPC,4472.1602
2023-07-13,0.002963871,GSPC,4510.04
2023-07-14,0.0021947094,GSPC,4505.4199
2023-07-17,0.0021186292,GSPC,4522.79
2023-07-18,0.002204219,GSPC,4554.98
2023-07-19,0.0023004983,GSPC,4565.7202
2023-07-20,0.003658401,GSPC,4534.8701
2023-07-21,0.0025547515,GSPC,4536.3398
2023-07-24,0.002871807,GSPC,4554.6401
2023-07-25,0.0026112844,GSPC,4567.46
2023-07-26,0.002505731,GSPC,4566.75
2023-07-27,0.004000444,GSPC,4537.4102
2023-07-28,0.0020791898,GSPC,4582.23
2023-07-31,0.0024260168,GSPC,4588.96
2023-08-01,0.0026536,GSPC,4576.73
2023-08-02,0.0062744766,GSPC,4513.3901
2023-08-03,0.0061379145,GSPC,4501.8901
2023-08-04,0.0062794522,GSPC,4478.0298
2023-08-07,0.006622329,GSPC,4518.4399
2023-08-08,0.006819218,GSPC,4499.3799
2023-08-09,0.007245997,GSPC,4467.71
2023-08-10,0.006582775,GSPC,4468.8301
2023-08-11,0.0071192016,GSPC,4464.0498
2023-08-14,0.007440037,GSPC,4489.7202
2023-08-15,0.0070879958,GSPC,4437.8599
2023-08-16,0.008017862,GSPC,4404.3301
2023-08-17,0.0060041416,GSPC,4370.3599
2023-08-18,0.007983977,GSPC,4369.71
2023-08-21,0.0081041,GSPC,4399.77
2023-08-22,0.0075749066,GSPC,4387.5498
2023-08-23,0.0055106175,GSPC,4436.0098
2023-08-24,0.0052951025,GSPC,4376.3101
2023-08-25,0.0059616,GSPC,4405.71
2023-08-28,0.0062287026,GSPC,4433.3101
2023-08-29,0.0035652628,GSPC,4497.6299
2023-08-30,0.0049026036,GSPC,4514.8701
2023-08-31,0.0046239537,GSPC,4507.6602
2023-09-01,0.0035088134,GSPC,4515.77
2023-09-05,0.0035488065,GSPC,4496.8301
2023-09-06,0.0048269695,GSPC,4465.48
2023-09-07,0.0048459093,GSPC,4451.1401
2023-09-08,0.0037900023,GSPC,4457.4902
2023-09-11,0.0036938742,GSPC,4487.46
2023-09-12,0.0038285246,GSPC,4461.8999
2023-09-13,0.0044984953,GSPC,4467.4399
2023-09-14,0.003012521,GSPC,4505.1001
2023-09-15,0.0028419741,GSPC,4450.3198
2023-09-18,0.005002911,GSPC,4453.5298
2023-09-19,0.005436158,GSPC,4443.9502
2023-09-20,0.0065261875,GSPC,4402.2002
2023-09-21,0.0054558264,GSPC,4330.0
2023-09-22,0.007477373,GSPC,4320.0601
2023-09-25,0.0080154,GSPC,4337.4399
2023-09-26,0.008334874,GSPC,4273.5298
2023-09-27,0.009786465,GSPC,4274.5098
2023-09-28,0.008118882,GSPC,4299.7002
2023-09-29,0.008359258,GSPC,4288.0498
2023-10-02,0.009359573,GSPC,4288.3901
2023-10-03,0.009515912,GSPC,4229.4502
2023-10-04,0.009220142,GSPC,4263.75
2023-10-05,0.00651796,GSPC,4258.1899
2023-10-06,0.005983102,GSPC,4308.5
2023-10-09,0.0061242967,GSPC,4335.6602
2023-10-10,0.0062172594,GSPC,4358.2402
2023-10-11,0.005091583,GSPC,4376.9502
2023-10-12,0.004702325,GSPC,4349.6099
2023-10-13,0.004106737,GSPC,4327.7798
2023-10-16,0.0028535218,GSPC,4373.6299
2023-10-17,0.003682238,GSPC,4373.2002
2023-10-18,0.0052306177,GSPC,4314.6001
2023-10-19,0.0051318454,GSPC,4278.0
2023-10-20,0.005536802,GSPC,4224.1602
2023-10-23,0.007686068,GSPC,4217.04
2023-10-24,0.007848733,GSPC,4247.6802
2023-10-25,0.007531558,GSPC,4186.77
2023-10-26,0.006273531,GSPC,4137.23
2023-10-27,0.009109508,GSPC,4117.3701
2023-10-30,0.006552311,GSPC,4166.8198
2023-10-31,0.00876851,GSPC,4193.7998
2023-11-01,0.005918028,GSPC,4237.8599
2023-11-02,0.0034860738,GSPC,4317.7798
2023-11-03,0.0042649787,GSPC,4358.3398
2023-11-06,0.0042757667,GSPC,4365.98
2023-11-07,0.0037336794,GSPC,4378.3799
2023-11-08,0.00378537,GSPC,4382.7798
2023-11-09,0.0048771114,GSPC,4347.3501
2023-11-10,0.0025595885,GSPC,4415.2402
2023-11-13,0.0040739663,GSPC,4411.5498
2023-11-14,0.0022156895,GSPC,4495.7002
2023-11-15,0.0026720047,GSPC,4502.8799
2023-11-16,0.0029789887,GSPC,4508.2402
2023-11-17,0.0024664956,GSPC,4514.02
2023-11-20,0.0025113006,GSPC,4547.3799
2023-11-21,0.0025875312,GSPC,4538.1899
2023-11-22,0.002824646,GSPC,4556.6201
2023-11-24,0.0027568168,GSPC,4559.3398
2023-11-27,0.0032137162,GSPC,4550.4302
2023-11-28,0.0032974228,GSPC,4554.8901
2023-11-29,0.0030855432,GSPC,4550.5801
2023-11-30,0.0036748569,GSPC,4567.7998
2023-12-01,0.0024615852,GSPC,4594.6299
2023-12-04,0.0028073145,GSPC,4569.7798
2023-12-05,0.0030920948,GSPC,4567.1802
2023-12-06,0.0043981974,GSPC,4549.3398
2023-12-07,0.0036051497,GSPC,4585.5898
2023-12-08,0.0023533583,GSPC,4604.3701
2023-12-11,0.0025403255,GSPC,4622.4399
2023-12-12,0.0023036676,GSPC,4643.7002
2023-12-13,0.0020993082,GSPC,4707.0898
2023-12-14,0.0027966744,GSPC,4719.5498
2023-12-15,0.0019558987,GSPC,4719.1899
2023-12-18,0.0024523917,GSPC,4740.5601
2023-12-19,0.0023712663,GSPC,4768.3701
2023-12-20,0.0048211487,GSPC,4698.3501
2023-12-21,0.00319817,GSPC,4746.75
2023-12-22,0.002435543,GSPC,4754.6299
2023-12-26,0.002318742,GSPC,4774.75
2023-12-27,0.002738459,GSPC,4781.5801
2023-12-28,0.003264986,GSPC,4783.3501
2023-12-29,0.0027926555,GSPC,4769.8301
2024-01-02,0.0035587633,GSPC,4742.8301
2024-01-03,0.0064129345,GSPC,4704.8101
2024-01-04,0.006578872,GSPC,4688.6802
2024-01-05,0.0061770277,GSPC,4697.2402
2024-01-08,0.003581162,GSPC,4763.54
2024-01-09,0.005294012,GSPC,4756.5
2024-01-10,0.0035731436,GSPC,4783.4502
2024-01-11,0.0035551956,GSPC,4780.2402
2024-01-12,0.0025376864,GSPC,4783.8301
2024-01-16,0.0044165975,GSPC,4765.98
2024-01-17,0.0055097817,GSPC,4739.21
2024-01-18,0.003595652,GSPC,4780.9399
2024-01-19,0.0022877483,GSPC,4839.8101
2024-01-22,0.0030928506,GSPC,4850.4302
2024-01-23,0.0024383229,GSPC,4864.6001
2024-01-24,0.0024315869,GSPC,4868.5498
2024-01-25,0.0026989153,GSPC,4894.1602
2024-01-26,0.002034342,GSPC,4890.9702
2024-01-29,0.00219372,GSPC,4927.9302
2024-01-30,0.0022983137,GSPC,4924.9702
2024-01-31,0.005125381,GSPC,4845.6499
2024-02-01,0.0033666703,GSPC,4906.1899
2024-02-02,0.0023295893,GSPC,4958.6099
2024-02-05,0.0031878012,GSPC,4942.8101
2024-02-06,0.0025358347,GSPC,4954.23
2024-02-07,0.0026201117,GSPC,4995.0601
2024-02-08,0.003850793,GSPC,4997.9102
2024-02-09,0.0025159642,GSPC,5026.6099
2024-02-12,0.0027553476,GSPC,5021.8445
2024-02-13,0.0054880963,GSPC,4953.168
2024-02-14,0.004003246,GSPC,5000.6201
2024-02-15,0.004498301,GSPC,5029.73
2024-02-16,0.0045481157,GSPC,5005.5698
2024-02-20,0.0056962892,GSPC,4975.5098
2024-02-21,0.00353245,GSPC,4981.7998
2024-02-22,0.0027590925,GSPC,5087.0298
2024-02-23,0.0028393846,GSPC,5088.7998
2024-02-26,0.0032715648,GSPC,5069.5298
2024-02-27,0.003141165,GSPC,5078.1802
2024-02-28,0.003892984,GSPC,5069.7598
2024-02-29,0.0049939407,GSPC,5096.27
2024-03-01,0.0029165014,GSPC,5137.0801
2024-03-04,0.0035684945,GSPC,5130.9502
2024-03-05,0.003932258,GSPC,5078.6499
2024-03-06,0.004005027,GSPC,5104.7598
2024-03-07,0.003244031,GSPC,5157.3599
2024-03-08,0.0037683698,GSPC,5123.6899
2024-03-11,0.003498274,GSPC,5117.9399
2024-03-12,0.0023102667,GSPC,5175.27
2024-03-13,0.0038260124,GSPC,5165.3101
2024-03-14,0.0057471064,GSPC,5150.48
2024-03-15,0.0025884781,GSPC,5117.0898
2024-03-18,0.003807514,GSPC,5149.4199
2024-03-19,0.0031173185,GSPC,5178.5098
2024-03-20,0.0029454038,GSPC,5224.6201
2024-03-21,0.0039550583,GSPC,5241.5298
2024-03-22,0.00252996,GSPC,5234.1802
2024-03-25,0.0026039097,GSPC,5218.1899
2024-03-26,0.0029736168,GSPC,5203.5801
2024-03-27,0.0031270685,GSPC,5248.4902
2024-03-28,0.0036272698,GSPC,5254.3501
2024-04-01,0.0027109133,GSPC,5243.77
2024-04-02,0.004070929,GSPC,5205.8101
2024-04-03,0.004096428,GSPC,5211.4902
2024-04-04,0.005114626,GSPC,5147.21
2024-04-05,0.0029508814,GSPC,5204.3398
2024-04-08,0.0052092806,GSPC,5202.3901
2024-04-09,0.0047565005,GSPC,5209.9102
2024-04-10,0.0062563755,GSPC,5160.6401
2024-04-11,0.0049869427,GSPC,5199.0601
2024-04-12,0.006945928,GSPC,5123.4102
2024-04-15,0.008322031,GSPC,5061.8198
2024-04-16,0.008332307,GSPC,5051.4102
2024-04-17,0.008556922,GSPC,5022.21
2024-04-18,0.0066486443,GSPC,5011.1201
2024-04-19,0.009283635,GSPC,4967.23
2024-04-22,0.0076352707,GSPC,5010.6001
2024-04-23,0.0038887782,GSPC,5070.5498
2024-04-24,0.007122813,GSPC,5071.6299
2024-04-25,0.0070541007,GSPC,5048.4199
2024-04-26,0.0047704135,GSPC,5099.96
2024-04-29,0.0058160857,GSPC,5116.1676
2024-04-30,0.0063679833,GSPC,5035.6917
2024-05-01,0.007416023,GSPC,5018.3901
2024-05-02,0.0059344354,GSPC,5064.2002
2024-05-03,0.0039537703,GSPC,5127.79
2024-05-06,0.0032799593,GSPC,5180.7402
2024-05-07,0.0031305717,GSPC,5187.7002
2024-05-08,0.003285716,GSPC,5187.6699
2024-05-09,0.0033126636,GSPC,5214.0801
2024-05-10,0.002417644,GSPC,5222.6802
2024-05-13,0.0031731422,GSPC,5221.4199
2024-05-14,0.0027063391,GSPC,5246.6802
2024-05-15,0.0025174974,GSPC,5308.1499
2024-05-16,0.0035842943,GSPC,5297.1001
2024-05-17,0.002441939,GSPC,5303.27
2024-05-20,0.0023862373,GSPC,5308.1299
2024-05-21,0.0022468565,GSPC,5321.4102
2024-05-22,0.0023444095,GSPC,5307.0098
2024-05-23,0.004432631,GSPC,5267.8398
2024-05-24,0.002365834,GSPC,5304.7202
2024-05-28,0.0025714526,GSPC,5306.04
2024-05-29,0.0045433366,GSPC,5266.9502
2024-05-30,0.005905489,GSPC,5235.48
2024-05-31,0.003154387,GSPC,5277.5098
2024-06-03,0.0042076632,GSPC,5283.3999
2024-06-04,0.0036949683,GSPC,5291.3398
2024-06-05,0.0025867627,GSPC,5354.0298
2024-06-06,0.0037570759,GSPC,5352.96
2024-06-07,0.0027996092,GSPC,5346.9902
2024-06-10,0.0030223264,GSPC,5360.79
2024-06-11,0.0029478911,GSPC,5375.3198
2024-06-12,0.002556418,GSPC,5421.0298
2024-06-13,0.0028348796,GSPC,5433.7402
2024-06-14,0.002111839,GSPC,5431.6001
2024-06-17,0.002243246,GSPC,5473.23
2024-06-18,0.0021731548,GSPC,5487.0298
2024-06-20,0.0025235952,GSPC,5473.1699
2024-06-21,0.0018049941,GSPC,5464.6201
2024-06-24,0.00226962,GSPC,5447.8701
2024-06-25,0.0022194798,GSPC,5469.2998
2024-06-26,0.0024244387,GSPC,5477.8999
2024-06-27,0.002989572,GSPC,5482.8701
2024-06-28,0.002134443,GSPC,5460.48
2024-07-01,0.0024254138,GSPC,5475.0898
2024-07-02,0.0022632598,GSPC,5509.0098
2024-07-03,0.0023353074,GSPC,5537.02
2024-07-05,0.002229752,GSPC,5567.1899
2024-07-08,0.0025359474,GSPC,5572.8501
2024-07-09,0.002446467,GSPC,5576.98
2024-07-10,0.0023021281,GSPC,5633.9102
2024-07-11,0.0036548586,GSPC,5584.54
2024-07-12,0.0022104331,GSPC,5615.3501
2024-07-15,0.0023210153,GSPC,5631.2202
2024-07-16,0.002316143,GSPC,5667.2002
2024-07-17,0.00474137,GSPC,5588.27
2024-07-18,0.0060412576,GSPC,5544.5898
2024-07-19,0.0053368257,GSPC,5505.0
2024-07-22,0.0036932167,GSPC,5564.4102
2024-07-23,0.0051481416,GSPC,5555.7402
2024-07-24,0.008936183,GSPC,5427.1299
2024-07-25,0.008263583,GSPC,5399.2202
2024-07-26,0.007344834,GSPC,5459.1001
2024-07-29,0.008819768,GSPC,5463.54
2024-07-30,0.009542643,GSPC,5436.4399
2024-07-31,0.00439416,GSPC,5522.2998
2024-08-01,0.006775284,GSPC,5446.6802
2024-08-02,0.0082525555,GSPC,5346.5601
2024-08-05,0.016217051,GSPC,5186.3301
2024-08-06,0.012714456,GSPC,5240.0298
2024-08-07,0.012972912,GSPC,5199.5
2024-08-08,0.0076452373,GSPC,5319.3101
2024-08-09,0.0092782015,GSPC,5344.1602
2024-08-12,0.009772438,GSPC,5344.3901
2024-08-13,0.0040221144,GSPC,5434.4302
2024-08-14,0.00751922,GSPC,5455.21
2024-08-15,0.0026503392,GSPC,5543.2202
2024-08-16,0.004865468,GSPC,5554.25
2024-08-19,0.003174487,GSPC,5608.25
2024-08-20,0.0047331722,GSPC,5597.1201
2024-08-21,0.005197211,GSPC,5620.8501
2024-08-22,0.0052649393,GSPC,5570.6401
2024-08-23,0.0025986684,GSPC,5634.6099
2024-08-26,0.0033032151,GSPC,5616.8398
2024-08-27,0.002471111,GSPC,5625.7998
2024-08-28,0.003683766,GSPC,5592.1802
2024-08-29,0.0038076066,GSPC,5591.96
2024-08-30,0.0028989057,GSPC,5648.3999
2024-09-03,0.007084957,GSPC,5528.9302
2024-09-04,0.0074668,GSPC,5520.0698
2024-09-05,0.008199073,GSPC,5503.4102
2024-09-06,0.0093374355,GSPC,5408.4199
2024-09-09,0.008977526,GSPC,5471.0498
2024-09-10,0.009935579,GSPC,5495.52
2024-09-11,0.0059429947,GSPC,5554.1299
2024-09-12,0.0051282737,GSPC,5595.7598
2024-09-13,0.0049620643,GSPC,5626.02
2024-09-16,0.0040078745,GSPC,5633.0898
2024-09-17,0.0038567742,GSPC,5634.5801
2024-09-18,0.0046658046,GSPC,5618.2598
2024-09-19,0.0027153348,GSPC,5713.6401
2024-09-20,0.0028532876,GSPC,5702.5498
2024-09-23,0.0025833305,GSPC,5718.5698
2024-09-24,0.0026251136,GSPC,5732.9302
2024-09-25,0.0026937732,GSPC,5722.2598
2024-09-26,0.0027371172,GSPC,5745.3701
2024-09-27,0.0021639436,GSPC,5738.1699
2024-09-30,0.0022656,GSPC,5762.48
2024-10-01,0.0029706338,GSPC,5708.75
2024-10-02,0.0035314045,GSPC,5709.54
2024-10-03,0.004854301,GSPC,5699.9399
2024-10-04,0.0025433458,GSPC,5751.0698
2024-10-07,0.005224326,GSPC,5695.9399
2024-10-08,0.0024568955,GSPC,5751.1299
2024-10-09,0.0030182034,GSPC,5792.04
2024-10-10,0.0037987363,GSPC,5780.0498
2024-10-11,0.002519377,GSPC,5815.0298
2024-10-14,0.0024499036,GSPC,5859.8501
2024-10-15,0.0031441804,GSPC,5815.2598
2024-10-16,0.0033712592,GSPC,5842.4702
2024-10-17,0.0039627235,GSPC,5841.4702
2024-10-18,0.0026922158,GSPC,5864.6699
2024-10-21,0.002914658,GSPC,5853.98
2024-10-22,0.002602685,GSPC,5851.2002
2024-10-23,0.004256865,GSPC,5797.4199
2024-10-24,0.004877862,GSPC,5809.8599
2024-10-25,0.0031732926,GSPC,5808.1201
2024-10-28,0.0035308779,GSPC,5823.52
2024-10-29,0.0034441117,GSPC,5832.9199
2024-10-30,0.0039012532,GSPC,5813.6699
2024-10-31,0.0052184057,GSPC,5705.4502
2024-11-01,0.0068283253,GSPC,5728.7998
2024-11-04,0.0073997276,GSPC,5712.6899
2024-11-05,0.0045091314,GSPC,5782.7598
2024-11-06,0.0027207008,GSPC,5929.04
2024-11-07,0.0035311752,GSPC,5973.1001
2024-11-08,0.0028102263,GSPC,5995.54
2024-11-11,0.0032647415,GSPC,6001.3501
2024-11-12,0.003089473,GSPC,5983.9902
2024-11-13,0.0037654913,GSPC,5985.3799
2024-11-14,0.005912207,GSPC,5949.1699
2024-11-15,0.005338251,GSPC,5870.6201
2024-11-18,0.005512429,GSPC,5893.6201
2024-11-19,0.0051305774,GSPC,5916.98
2024-11-20,0.0037010096,GSPC,5917.1099
2024-11-21,0.004681422,GSPC,5948.71
2024-11-22,0.0028162003,GSPC,5969.3398
2024-11-25,0.0028384002,GSPC,5987.3701
2024-11-26,0.0033163924,GSPC,6021.6299
2024-11-27,0.004301018,GSPC,5998.7402
2024-11-29,0.0031873516,GSPC,6032.3799
2024-12-02,0.0041850107,GSPC,6047.1499
2024-12-03,0.0034805029,GSPC,6049.8799
2024-12-04,0.0030476055,GSPC,6086.4902
2024-12-05,0.0034324883,GSPC,6075.1099
2024-12-06,0.0019828964,GSPC,6090.27
2024-12-09,0.0024663303,GSPC,6052.8501
2024-12-10,0.0026330694,GSPC,6034.9102
2024-12-11,0.0024718666,GSPC,6084.1899
2024-12-12,0.0038517406,GSPC,6051.25
2024-12-13,0.003073421,GSPC,6051.0898
2024-12-16,0.0030618184,GSPC,6074.0801
2024-12-17,0.0038435322,GSPC,6050.6099
2024-12-18,0.00751139,GSPC,5872.1602
2024-12-19,0.00787838,GSPC,5867.0801
2024-12-20,0.004167625,GSPC,5930.8501
2024-12-23,0.0075951703,GSPC,5974.0698
2024-12-24,0.004700155,GSPC,6040.04
2024-12-26,0.006972682,GSPC,6037.5898
2024-12-27,0.006680531,GSPC,5970.8398
2024-12-30,0.008105934,GSPC,5906.9399
2023-01-03,0.016459249,IXIC,10386.9805
2023-01-04,0.010459983,IXIC,10458.7598
2023-01-05,0.0110954,IXIC,10305.2402
2023-01-06,0.004829404,IXIC,10569.29
2023-01-09,0.0068691294,IXIC,10635.6504
2023-01-10,0.005138675,IXIC,10742.6299
2023-01-11,0.0030644576,IXIC,10931.6699
2023-01-12,0.003789486,IXIC,11001.0996
2023-01-13,0.0032894413,IXIC,11079.1602
2023-01-17,0.0033234714,IXIC,11095.1104
2023-01-18,0.005227397,IXIC,10957.0098
2023-01-19,0.008139276,IXIC,10852.2695
2023-01-20,0.0034209813,IXIC,11140.4297
2023-01-23,0.003091534,IXIC,11364.4102
2023-01-24,0.003921733,IXIC,11334.2695
2023-01-25,0.0040480164,IXIC,11313.3604
2023-01-26,0.0031997452,IXIC,11512.4102
2023-01-27,0.004103777,IXIC,11621.71
2023-01-30,0.0071716732,IXIC,11393.8096
2023-01-31,0.0043850634,IXIC,11584.5498
2023-02-01,0.004245084,IXIC,11816.3203
2023-02-02,0.0026130755,IXIC,12200.8203
2023-02-03,0.0023725831,IXIC,12006.9502
2023-02-06,0.005885093,IXIC,11887.4502
2023-02-07,0.0038525336,IXIC,12113.79
2023-02-08,0.008124951,IXIC,11910.5195
2023-02-09,0.011485521,IXIC,11789.5801
2023-02-10,0.016224388,IXIC,11718.1201
2023-02-13,0.011831636,IXIC,11891.79
2023-02-14,0.009203956,IXIC,11960.1504
2023-02-15,0.010145739,IXIC,12070.5898
2023-02-16,0.011103356,IXIC,11855.8301
2023-02-17,0.009646367,IXIC,11787.2695
2023-02-21,0.011956005,IXIC,11492.2998
2023-02-22,0.014048376,IXIC,11507.0703
2023-02-23,0.014046405,IXIC,11590.4004
2023-02-24,0.013146271,IXIC,11394.9404
2023-02-27,0.014700647,IXIC,11466.9805
2023-02-28,0.015879415,IXIC,11455.54
2023-03-01,0.01334637,IXIC,11379.4805
2023-03-02,0.011472195,IXIC,11462.9805
2023-03-03,0.005489679,IXIC,11689.0098
2023-03-06,0.010084004,IXIC,11675.7402
2023-03-07,0.0067107514,IXIC,11530.3301
2023-03-08,0.00808498,IXIC,11576.0
2023-03-09,0.008977058,IXIC,11338.3496
2023-03-10,0.009816619,IXIC,11138.8896
2023-03-13,0.007983067,IXIC,11188.8398
2023-03-14,0.004354396,IXIC,11428.1504
2023-03-15,0.006721896,IXIC,11434.0498
2023-03-16,0.0035417706,IXIC,11717.2803
2023-03-17,0.005026988,IXIC,11630.5098
2023-03-20,0.0042538485,IXIC,11675.54
2023-03-21,0.003275834,IXIC,11860.1104
2023-03-22,0.00551871,IXIC,11669.96
2023-03-23,0.0057028476,IXIC,11787.4004
2023-03-24,0.0062972493,IXIC,11823.96
2023-03-27,0.00560963,IXIC,11768.8398
2023-03-28,0.00539205,IXIC,11716.0801
2023-03-29,0.003647007,IXIC,11926.2402
2023-03-30,0.003817311,IXIC,12013.4697
2023-03-31,0.002976128,IXIC,12221.9102
2023-04-03,0.0036119858,IXIC,12189.4502
2023-04-04,0.0037303313,IXIC,12126.3301
2023-04-05,0.005723304,IXIC,11996.8604
2023-04-06,0.0047845524,IXIC,12087.96
2023-04-10,0.0055589788,IXIC,12084.3604
2023-04-11,0.005246866,IXIC,12031.8799
2023-04-12,0.0058624204,IXIC,11929.3398
2023-04-13,0.003565342,IXIC,12166.2695
2023-04-14,0.004630945,IXIC,12123.4697
2023-04-17,0.0035148454,IXIC,12157.7197
2023-04-18,0.0038105445,IXIC,12153.4102
2023-04-19,0.003886895,IXIC,12157.2305
2023-04-20,0.007053695,IXIC,12059.5596
2023-04-21,0.0054528685,IXIC,12072.46
2023-04-24,0.0058793854,IXIC,12037.2002
2023-04-25,0.008411758,IXIC,11799.1602
2023-04-26,0.0076423544,IXIC,11854.3496
2023-04-27,0.004279992,IXIC,12142.2402
2023-04-28,0.004522508,IXIC,12226.5801
2023-05-01,0.004794674,IXIC,12212.5996
2023-05-02,0.0037894961,IXIC,12080.5098
2023-05-03,0.005356636,IXIC,12025.3301
2023-05-04,0.0083773965,IXIC,11966.4004
2023-05-05,0.0037162243,IXIC,12235.4102
2023-05-08,0.0046404004,IXIC,12256.9199
2023-05-09,0.0048546004,IXIC,12179.5498
2023-05-10,0.0038720642,IXIC,12306.4404
2023-05-11,0.0048572537,IXIC,12328.5098
2023-05-12,0.0042319535,IXIC,12284.7402
2023-05-15,0.0027763483,IXIC,12365.21
2023-05-16,0.0032816923,IXIC,12343.0498
2023-05-17,0.0032009708,IXIC,12500.5703
2023-05-18,0.003203169,IXIC,12688.8398
2023-05-19,0.003120484,IXIC,12657.9004
2023-05-22,0.0030890226,IXIC,12720.7803
2023-05-23,0.003380515,IXIC,12560.25
2023-05-24,0.003837832,IXIC,12484.1602
2023-05-25,0.0035557277,IXIC,12698.0898
2023-05-26,0.0028458503,IXIC,12975.6904
2023-05-30,0.0029607501,IXIC,13017.4297
2023-05-31,0.0034788775,IXIC,12935.29
2023-06-01,0.003017112,IXIC,13100.9805
2023-06-02,0.00304466,IXIC,13240.7695
2023-06-05,0.003192584,IXIC,13229.4297
2023-06-06,0.0033138078,IXIC,13276.4199
2023-06-07,0.0046759075,IXIC,13104.9004
2023-06-08,0.0041105323,IXIC,13238.5195
2023-06-09,0.0047742133,IXIC,13259.1396
2023-06-12,0.003041571,IXIC,13461.9199
2023-06-13,0.00331821,IXIC,13573.3203
2023-06-14,0.0036046812,IXIC,13626.4805
2023-06-15,0.0031618015,IXIC,13782.8203
2023-06-16,0.0035310653,IXIC,13689.5703
2023-06-20,0.0039451523,IXIC,13667.29
2023-06-21,0.005436512,IXIC,13502.2002
2023-06-22,0.004719247,IXIC,13630.6104
2023-06-23,0.006184615,IXIC,13492.5195
2023-06-26,0.006419081,IXIC,13335.7803
2023-06-27,0.003871619,IXIC,13555.6699
2023-06-28,0.0039120284,IXIC,13591.75
2023-06-29,0.005982647,IXIC,13591.3301
2023-06-30,0.0028452582,IXIC,13787.9199
2023-07-03,0.0033121938,IXIC,13816.7695
2023-07-05,0.0038007854,IXIC,13791.6504
2023-07-06,0.005847049,IXIC,13679.04
2023-07-07,0.005614746,IXIC,13660.7197
2023-07-10,0.0046389466,IXIC,13685.4805
2023-07-11,0.004457183,IXIC,13760.7002
2023-07-12,0.0027845819,IXIC,13918.96
2023-07-13,0.0028828557,IXIC,14138.5703
2023-07-14,0.002670883,IXIC,14113.7002
2023-07-17,0.0024205036,IXIC,14244.9502
2023-07-18,0.0028056423,IXIC,14353.6396
2023-07-19,0.0029221443,IXIC,14358.0195
2023-07-20,0.00655259,IXIC,14063.3096
2023-07-21,0.004714212,IXIC,14032.8096
2023-07-24,0.004448049,IXIC,14058.8701
2023-07-25,0.004105193,IXIC,14144.5596
2023-07-26,0.0046822927,IXIC,14127.2803
2023-07-27,0.0050446778,IXIC,14050.1104
2023-07-28,0.0028382181,IXIC,14316.6602
2023-07-31,0.00314431,IXIC,14346.0195
2023-08-01,0.0035143986,IXIC,14283.9102
2023-08-02,0.0067618107,IXIC,13973.4502
2023-08-03,0.0067312815,IXIC,13959.7197
2023-08-04,0.0064177318,IXIC,13909.2402
2023-08-07,0.007395622,IXIC,13994.4004
2023-08-08,0.008082086,IXIC,13884.3203
2023-08-09,0.008509994,IXIC,13722.0195
2023-08-10,0.009475733,IXIC,13737.9902
2023-08-11,0.010731395,IXIC,13644.8496
2023-08-14,0.0069507924,IXIC,13788.3301
2023-08-15,0.010194209,IXIC,13631.0498
2023-08-16,0.00863816,IXIC,13474.6299
2023-08-17,0.0077054626,IXIC,13316.9297
2023-08-18,0.00969344,IXIC,13290.7803
2023-08-21,0.0068592983,IXIC,13497.5898
2023-08-22,0.0061045606,IXIC,13505.8701
2023-08-23,0.0033621474,IXIC,13721.0303
2023-08-24,0.0073599503,IXIC,13463.9697
2023-08-25,0.004871899,IXIC,13590.6504
2023-08-28,0.0039491616,IXIC,13705.1299
2023-08-29,0.0033455738,IXIC,13943.7598
2023-08-30,0.0033449053,IXIC,14019.3096
2023-08-31,0.0037645358,IXIC,14034.9697
2023-09-01,0.0034033747,IXIC,14031.8096
2023-09-05,0.002849022,IXIC,14020.9502
2023-09-06,0.0044630743,IXIC,13872.4697
2023-09-07,0.0062715854,IXIC,13748.8301
2023-09-08,0.0041653025,IXIC,13761.5303
2023-09-11,0.0028480648,IXIC,13917.8896
2023-09-12,0.0040952303,IXIC,13773.6104
2023-09-13,0.0043619582,IXIC,13813.5898
2023-09-14,0.0037870158,IXIC,13926.0498
2023-09-15,0.0046495246,IXIC,13708.3301
2023-09-18,0.007354882,IXIC,13710.2402
2023-09-19,0.0074122627,IXIC,13678.1904
2023-09-20,0.008446538,IXIC,13469.1299
2023-09-21,0.008682968,IXIC,13223.9805
2023-09-22,0.009204908,IXIC,13211.8096
2023-09-25,0.0106542045,IXIC,13271.3203
2023-09-26,0.011567506,IXIC,13063.6104
2023-09-27,0.011223281,IXIC,13092.8496
2023-09-28,0.0035531118,IXIC,13201.2803
2023-09-29,0.0076549444,IXIC,13219.3203
2023-10-02,0.004300843,IXIC,13307.7695
2023-10-03,0.008171025,IXIC,13059.4697
2023-10-04,0.0036585843,IXIC,13236.0098
2023-10-05,0.007342146,IXIC,13219.8301
2023-10-06,0.003813458,IXIC,13431.3398
2023-10-09,0.005034484,IXIC,13484.2402
2023-10-10,0.00433033,IXIC,13562.8398
2023-10-11,0.002836351,IXIC,13659.6797
2023-10-12,0.00392108,IXIC,13574.2197
2023-10-13,0.0040006465,IXIC,13407.2305
2023-10-16,0.0019213334,IXIC,13567.9805
2023-10-17,0.0035782706,IXIC,13533.75
2023-10-18,0.0051442827,IXIC,13314.2998
2023-10-19,0.0071290247,IXIC,13186.1797
2023-10-20,0.0075282278,IXIC,12983.8096
2023-10-23,0.009356302,IXIC,13018.3301
2023-10-24,0.007171697,IXIC,13139.8701
2023-10-25,0.011223649,IXIC,12821.2197
2023-10-26,0.0105548315,IXIC,12595.6104
2023-10-27,0.0120482845,IXIC,12643.0098
2023-10-30,0.007132947,IXIC,12789.4805
2023-10-31,0.008802866,IXIC,12851.2402
2023-11-01,0.004063538,IXIC,13061.4697
2023-11-02,0.003909892,IXIC,13294.1904
2023-11-03,0.004109665,IXIC,13478.2803
2023-11-06,0.0040595406,IXIC,13518.7803
2023-11-07,0.003070053,IXIC,13639.8604
2023-11-08,0.0036494252,IXIC,13650.4102
2023-11-09,0.004595617,IXIC,13521.4502
2023-11-10,0.0027315998,IXIC,13798.1104
2023-11-13,0.004326883,IXIC,13767.7402
2023-11-14,0.0026602687,IXIC,14094.3799
2023-11-15,0.0032650603,IXIC,14103.8398
2023-11-16,0.003499011,IXIC,14113.6699
2023-11-17,0.0033411607,IXIC,14125.4805
2023-11-20,0.003241509,IXIC,14284.5303
2023-11-21,0.0034403598,IXIC,14199.9805
2023-11-22,0.0037632077,IXIC,14265.8604
2023-11-24,0.0036237321,IXIC,14250.8496
2023-11-27,0.003987156,IXIC,14241.0195
2023-11-28,0.004151282,IXIC,14281.7598
2023-11-29,0.0037084913,IXIC,14258.4902
2023-11-30,0.004575554,IXIC,14226.2197
2023-12-01,0.0033059404,IXIC,14305.0303
2023-12-04,0.0038079023,IXIC,14185.4902
2023-12-05,0.0041267416,IXIC,14229.9102
2023-12-06,0.0056799105,IXIC,14146.71
2023-12-07,0.0030969374,IXIC,14339.9902
2023-12-08,0.0033969402,IXIC,14403.9697
2023-12-11,0.002688472,IXIC,14432.4902
2023-12-12,0.002661028,IXIC,14533.4004
2023-12-13,0.0023880193,IXIC,14733.96
2023-12-14,0.0031043692,IXIC,14761.5596
2023-12-15,0.0026082434,IXIC,14813.9199
2023-12-18,0.0029480427,IXIC,14904.8096
2023-12-19,0.0029176164,IXIC,15003.2197
2023-12-20,0.0048508644,IXIC,14777.9404
2023-12-21,0.0028893244,IXIC,14963.8701
2023-12-22,0.0031227777,IXIC,14992.9697
2023-12-26,0.0028733744,IXIC,15074.5703
2023-12-27,0.0031542808,IXIC,15099.1797
2023-12-28,0.004253037,IXIC,15095.1396
2023-12-29,0.0043081553,IXIC,15011.3496
2024-01-02,0.0053338865,IXIC,14765.9404
2024-01-03,0.0074651213,IXIC,14592.21
2024-01-04,0.008106472,IXIC,14510.2998
2024-01-05,0.008701619,IXIC,14524.0703
2024-01-08,0.0042711818,IXIC,14843.7695
2024-01-09,0.0068344255,IXIC,14857.71
2024-01-10,0.005969242,IXIC,14969.6504
2024-01-11,0.0056608603,IXIC,14970.1904
2024-01-12,0.0032283643,IXIC,14972.7598
2024-01-16,0.0023202763,IXIC,14944.3496
2024-01-17,0.0047064354,IXIC,14855.6201
2024-01-18,0.002083437,IXIC,15055.6504
2024-01-19,0.0024274671,IXIC,15310.9697
2024-01-22,0.0029841005,IXIC,15360.29
2024-01-23,0.00255394,IXIC,15425.9404
2024-01-24,0.0028149441,IXIC,15481.9199
2024-01-25,0.0029889874,IXIC,15510.5
2024-01-26,0.0025733016,IXIC,15455.3604
2024-01-29,0.002404823,IXIC,15628.04
2024-01-30,0.0028128438,IXIC,15509.9004
2024-01-31,0.005059015,IXIC,15164.0098
2024-02-01,0.0038156714,IXIC,15361.6396
2024-02-02,0.003088577,IXIC,15628.9502
2024-02-05,0.0037609711,IXIC,15597.6797
2024-02-06,0.003234115,IXIC,15609.0
2024-02-07,0.003275698,IXIC,15756.6396
2024-02-08,0.003992991,IXIC,15793.71
2024-02-09,0.002853986,IXIC,15990.6602
2024-02-12,0.0031095524,IXIC,15942.5498
2024-02-13,0.0046729725,IXIC,15655.5996
2024-02-14,0.0039084624,IXIC,15859.1504
2024-02-15,0.0043844692,IXIC,15906.1699
2024-02-16,0.005575993,IXIC,15775.6504
2024-02-20,0.0050616055,IXIC,15630.7803
2024-02-21,0.004608836,IXIC,15580.8701
2024-02-22,0.0028370658,IXIC,16041.6201
2024-02-23,0.004596902,IXIC,15996.8203
2024-02-26,0.0033449489,IXIC,15976.25
2024-02-27,0.0037971726,IXIC,16035.2998
2024-02-28,0.0043249964,IXIC,15947.7402
2024-02-29,0.0035963976,IXIC,16091.9199
2024-03-01,0.0034077512,IXIC,16274.9404
2024-03-04,0.0033830777,IXIC,16207.5098
2024-03-05,0.0042104903,IXIC,15939.5898
2024-03-06,0.004527443,IXIC,16031.54
2024-03-07,0.00297222,IXIC,16273.3799
2024-03-08,0.00487094,IXIC,16085.1104
2024-03-11,0.0042204773,IXIC,16019.2695
2024-03-12,0.0025559003,IXIC,16265.6396
2024-03-13,0.0044601914,IXIC,16177.7695
2024-03-14,0.005354595,IXIC,16128.5303
2024-03-15,0.004634102,IXIC,15973.1699
2024-03-18,0.002860492,IXIC,16103.4502
2024-03-19,0.0037804218,IXIC,16166.79
2024-03-20,0.003040927,IXIC,16369.4102
2024-03-21,0.0043300563,IXIC,16401.8398
2024-03-22,0.002974628,IXIC,16428.8203
2024-03-25,0.0025965485,IXIC,16384.4707
2024-03-26,0.0026583478,IXIC,16315.7002
2024-03-27,0.0035581505,IXIC,16399.5195
2024-03-28,0.0035888208,IXIC,16379.46
2024-04-01,0.003004919,IXIC,16396.8301
2024-04-02,0.0030216596,IXIC,16240.4502
2024-04-03,0.0032542814,IXIC,16277.46
2024-04-04,0.004853627,IXIC,16049.0801
2024-04-05,0.0025374051,IXIC,16248.5195
2024-04-08,0.0038389843,IXIC,16253.96
2024-04-09,0.003898706,IXIC,16306.6396
2024-04-10,0.0051089064,IXIC,16170.3604
2024-04-11,0.0021920048,IXIC,16442.1992
2024-04-12,0.005754467,IXIC,16175.0898
2024-04-15,0.008220278,IXIC,15885.0195
2024-04-16,0.007316615,IXIC,15865.25
2024-04-17,0.00857837,IXIC,15683.3701
2024-04-18,0.008812994,IXIC,15601.5
2024-04-19,0.011958999,IXIC,15282.0098
2024-04-22,0.009453425,IXIC,15451.3096
2024-04-23,0.0043966514,IXIC,15696.6396
2024-04-24,0.006314186,IXIC,15712.75
2024-04-25,0.007858849,IXIC,15611.7598
2024-04-26,0.004061317,IXIC,15927.9004
2024-04-29,0.005601273,IXIC,15983.0801
2024-04-30,0.006091498,IXIC,15657.8203
2024-05-01,0.00685806,IXIC,15605.4805
2024-05-02,0.0030235664,IXIC,15840.96
2024-05-03,0.0035408214,IXIC,16156.3301
2024-05-06,0.0025203584,IXIC,16349.25
2024-05-07,0.0030573078,IXIC,16332.5596
2024-05-08,0.003270763,IXIC,16302.7598
2024-05-09,0.0033445738,IXIC,16346.2598
2024-05-10,0.0029001688,IXIC,16340.8701
2024-05-13,0.0026759624,IXIC,16388.2402
2024-05-14,0.0025527098,IXIC,16511.1797
2024-05-15,0.002747328,IXIC,16742.3906
2024-05-16,0.0036052978,IXIC,16698.3203
2024-05-17,0.0057076067,IXIC,16685.9707
2024-05-20,0.004726625,IXIC,16794.8691
2024-05-21,0.0038952497,IXIC,16832.6191
2024-05-22,0.004204552,IXIC,16801.5391
2024-05-23,0.004527417,IXIC,16736.0293
2024-05-24,0.004698016,IXIC,16920.7891
2024-05-28,0.0045523504,IXIC,17019.8809
2024-05-29,0.0047300616,IXIC,16920.5801
2024-05-30,0.006100898,IXIC,16737.0801
2024-05-31,0.005368429,IXIC,16735.0195
2024-06-03,0.0035362197,IXIC,16828.6699
2024-06-04,0.0035018942,IXIC,16857.0508
2024-06-05,0.0026474996,IXIC,17187.9004
2024-06-06,0.0033679244,IXIC,17173.121
2024-06-07,0.0032437919,IXIC,17133.1309
2024-06-10,0.0028754089,IXIC,17192.5293
2024-06-11,0.0026842633,IXIC,17343.5508
2024-06-12,0.0025137682,IXIC,17608.4395
2024-06-13,0.0030652126,IXIC,17667.5605
2024-06-14,0.0024839425,IXIC,17688.8809
2024-06-17,0.0023013193,IXIC,17857.0195
2024-06-18,0.0026598433,IXIC,17862.2305
2024-06-20,0.003276624,IXIC,17721.5898
2024-06-21,0.0036693944,IXIC,17689.3594
2024-06-24,0.0047813826,IXIC,17496.8203
2024-06-25,0.0030129238,IXIC,17717.6504
2024-06-26,0.0036463437,IXIC,17805.1602
2024-06-27,0.0034847117,IXIC,17858.6797
2024-06-28,0.0043742727,IXIC,17732.5996
2024-07-01,0.0027701408,IXIC,17879.3008
2024-07-02,0.0029800583,IXIC,18028.7598
2024-07-03,0.0028532306,IXIC,18188.3008
2024-07-05,0.0022364708,IXIC,18352.7598
2024-07-08,0.0030097894,IXIC,18403.7402
2024-07-09,0.002913903,IXIC,18429.2891
2024-07-10,0.0025147223,IXIC,18647.4492
2024-07-11,0.0036812413,IXIC,18283.4102
2024-07-12,0.0035568567,IXIC,18398.4492
2024-07-15,0.0026936177,IXIC,18472.5703
2024-07-16,0.0027115291,IXIC,18509.3398
2024-07-17,0.0050618686,IXIC,17996.9199
2024-07-18,0.0059768665,IXIC,17871.2207
2024-07-19,0.0069230096,IXIC,17726.9395
2024-07-22,0.006405509,IXIC,18007.5703
2024-07-23,0.008159343,IXIC,17997.3496
2024-07-24,0.012751915,IXIC,17342.4102
2024-07-25,0.013016584,IXIC,17181.7207
2024-07-26,0.011320932,IXIC,17357.8809
2024-07-29,0.013649061,IXIC,17370.1992
2024-07-30,0.015964037,IXIC,17147.4199
2024-07-31,0.004415478,IXIC,17599.4004
2024-08-01,0.008953128,IXIC,17194.1504
2024-08-02,0.01847711,IXIC,16776.1602
2024-08-05,0.04748926,IXIC,16200.0801
2024-08-06,0.023606189,IXIC,16366.8496
2024-08-07,0.022985566,IXIC,16195.8096
2024-08-08,0.0056493026,IXIC,16660.0195
2024-08-09,0.013323016,IXIC,16745.3008
2024-08-12,0.01280337,IXIC,16780.6094
2024-08-13,0.0045271046,IXIC,17187.6094
2024-08-14,0.009712628,IXIC,17192.5996
2024-08-15,0.003750491,IXIC,17594.5
2024-08-16,0.0060490854,IXIC,17631.7207
2024-08-19,0.0023050506,IXIC,17876.7695
2024-08-20,0.0051648733,IXIC,17816.9395
2024-08-21,0.004896291,IXIC,17918.9902
2024-08-22,0.005696514,IXIC,17619.3496
2024-08-23,0.0032100435,IXIC,17877.7891
2024-08-26,0.00528827,IXIC,17725.7695
2024-08-27,0.0030091975,IXIC,17754.8203
2024-08-28,0.0050274935,IXIC,17556.0293
2024-08-29,0.0045002527,IXIC,17516.4297
2024-08-30,0.006210897,IXIC,17713.6191
2024-09-03,0.0102711255,IXIC,17136.3008
2024-09-04,0.009863698,IXIC,17084.3008
2024-09-05,0.011544,IXIC,17127.6602
2024-09-06,0.010865911,IXIC,16690.8301
2024-09-09,0.011128837,IXIC,16884.5996
2024-09-10,0.008545143,IXIC,17025.8809
2024-09-11,0.0046661342,IXIC,17395.5293
2024-09-12,0.0049844743,IXIC,17569.6797
2024-09-13,0.006107328,IXIC,17683.9805
2024-09-16,0.0067014443,IXIC,17592.1309
2024-09-17,0.0037206088,IXIC,17628.0605
2024-09-18,0.0039788834,IXIC,17573.3008
2024-09-19,0.0018886456,IXIC,18013.9805
2024-09-20,0.0046889693,IXIC,17948.3203
2024-09-23,0.002516452,IXIC,17974.2695
2024-09-24,0.0026385349,IXIC,18074.5195
2024-09-25,0.0030717896,IXIC,18082.2109
2024-09-26,0.0027621717,IXIC,18190.2891
2024-09-27,0.0033236782,IXIC,18119.5898
2024-09-30,0.0027386444,IXIC,18189.1699
2024-10-01,0.004413481,IXIC,17910.3594
2024-10-02,0.0055313255,IXIC,17925.1191
2024-10-03,0.0049718167,IXIC,17918.4805
2024-10-04,0.0037704804,IXIC,18137.8496
2024-10-07,0.0055530835,IXIC,17923.9004
2024-10-08,0.0023201995,IXIC,18182.9199
2024-10-09,0.0029929115,IXIC,18291.6191
2024-10-10,0.0032389292,IXIC,18282.0508
2024-10-11,0.0032157162,IXIC,18342.9395
2024-10-14,0.0022271164,IXIC,18502.6895
2024-10-15,0.0029336708,IXIC,18315.5898
2024-10-16,0.0036909867,IXIC,18367.0801
2024-10-17,0.0034603602,IXIC,18373.6094
2024-10-18,0.0030357076,IXIC,18489.5508
2024-10-21,0.002356868,IXIC,18540.0098
2024-10-22,0.002169491,IXIC,18579.7695
2024-10-23,0.004095006,IXIC,18276.6504
2024-10-24,0.002838481,IXIC,18415.4902
2024-10-25,0.0030893772,IXIC,18518.6094
2024-10-28,0.0024435099,IXIC,18567.1895
2024-10-29,0.0021305697,IXIC,18712.75
2024-10-30,0.0030421154,IXIC,18607.9297
2024-10-31,0.0069315075,IXIC,18095.1504
2024-11-01,0.0048022345,IXIC,18239.9199
2024-11-04,0.007858277,IXIC,18179.9805
2024-11-05,0.0043593636,IXIC,18439.1699
2024-11-06,0.0030838687,IXIC,18983.4707
2024-11-07,0.0024595477,IXIC,19269.4609
2024-11-08,0.003994703,IXIC,19286.7793
2024-11-11,0.003467168,IXIC,19298.7598
2024-11-12,0.0041841324,IXIC,19281.4004
2024-11-13,0.007268284,IXIC,19230.7207
2024-11-14,0.0064456216,IXIC,19107.6504
2024-11-15,0.00903232,IXIC,18680.1191
2024-11-18,0.0077160755,IXIC,18791.8105
2024-11-19,0.0062451516,IXIC,18987.4707
2024-11-20,0.00936795,IXIC,18966.1406
2024-11-21,0.008626293,IXIC,18972.4199
2024-11-22,0.006757585,IXIC,19003.6504
2024-11-25,0.0078066755,IXIC,19054.8398
2024-11-26,0.0052873497,IXIC,19174.3008
2024-11-27,0.008661152,IXIC,19060.4805
2024-11-29,0.004755879,IXIC,19218.1699
2024-12-02,0.0037309881,IXIC,19403.9492
2024-12-03,0.003687415,IXIC,19480.9102
2024-12-04,0.0024244206,IXIC,19735.1191
2024-12-05,0.003567079,IXIC,19700.2598
2024-12-06,0.0026248964,IXIC,19859.7695
2024-12-09,0.0031171634,IXIC,19736.6895
2024-12-10,0.0033364722,IXIC,19687.2402
2024-12-11,0.0028051925,IXIC,20034.8906
2024-12-12,0.0037994622,IXIC,19902.8398
2024-12-13,0.0055688103,IXIC,19926.7207
2024-12-16,0.003184239,IXIC,20173.8906
2024-12-17,0.0036803507,IXIC,20109.0605
2024-12-18,0.009053111,IXIC,19392.6895
2024-12-19,0.006922425,IXIC,19372.7695
2024-12-20,0.0074944594,IXIC,19572.5996
2024-12-23,0.006408774,IXIC,19764.8809
2024-12-24,0.0052092783,IXIC,20031.1309
2024-12-26,0.005331109,IXIC,20020.3594
2024-12-27,0.006146639,IXIC,19722.0293
2024-12-30,0.005910177,IXIC,19486.7891
2023-01-03,0.005431667,NYA,15154.4502
2023-01-04,0.0040656067,NYA,15350.2998
2023-01-05,0.004883972,NYA,15225.4004
2023-01-06,0.0020730048,NYA,15539.7402
2023-01-09,0.0030730297,NYA,15514.4404
2023-01-10,0.00271906,NYA,15608.1699
2023-01-11,0.0026133945,NYA,15749.0898
2023-01-12,0.0031202058,NYA,15859.5498
2023-01-13,0.0022317593,NYA,15918.3701
2023-01-17,0.002506336,NYA,15883.5596
2023-01-18,0.0041970983,NYA,15649.1299
2023-01-19,0.005765375,NYA,15569.6299
2023-01-20,0.002971454,NYA,15777.5498
2023-01-23,0.002529825,NYA,15880.0898
2023-01-24,0.0029741828,NYA,15868.2197
2023-01-25,0.0030746786,NYA,15889.2695
2023-01-26,0.0032745323,NYA,15985.8701
2023-01-27,0.002438086,NYA,15962.5801
2023-01-30,0.0030808842,NYA,15818.9004
2023-01-31,0.0022388608,NYA,16036.3896
2023-02-01,0.0028461316,NYA,16121.25
2023-02-02,0.0037418434,NYA,16122.5801
2023-02-03,0.0040648063,NYA,15999.4004
2023-02-06,0.0032138517,NYA,15895.3604
2023-02-07,0.0025856856,NYA,16021.6201
2023-02-08,0.0033953644,NYA,15934.7197
2023-02-09,0.005585913,NYA,15828.5996
2023-02-10,0.0031168852,NYA,15910.6904
2023-02-13,0.0015546678,NYA,16052.25
2023-02-14,0.0028451118,NYA,16025.1104
2023-02-15,0.0030812046,NYA,16016.0898
2023-02-16,0.004718512,NYA,15873.7803
2023-02-17,0.0029744434,NYA,15840.1602
2023-02-21,0.006790699,NYA,15572.5195
2023-02-22,0.007479647,NYA,15530.8301
2023-02-23,0.0067453636,NYA,15584.9297
2023-02-24,0.0059106187,NYA,15464.46
2023-02-27,0.006124686,NYA,15492.9297
2023-02-28,0.0048537604,NYA,15428.9697
2023-03-01,0.006197999,NYA,15436.2998
2023-03-02,0.0044677537,NYA,15524.5195
2023-03-03,0.002485552,NYA,15721.0596
2023-03-06,0.004420686,NYA,15694.3398
2023-03-07,0.0047952523,NYA,15439.0195
2023-03-08,0.004996524,NYA,15440.6396
2023-03-09,0.006120755,NYA,15140.79
2023-03-10,0.006971399,NYA,14894.18
2023-03-13,0.009057364,NYA,14764.3701
2023-03-14,0.0062401085,NYA,14944.7402
2023-03-15,0.00939588,NYA,14662.5498
2023-03-16,0.0054840776,NYA,14830.9805
2023-03-17,0.00904293,NYA,14599.0498
2023-03-20,0.0029425512,NYA,14777.7002
2023-03-21,0.0034401265,NYA,14985.9502
2023-03-22,0.008892024,NYA,14741.0801
2023-03-23,0.010722591,NYA,14693.0195
2023-03-24,0.008641864,NYA,14758.5703
2023-03-27,0.0068332693,NYA,14894.8496
2023-03-28,0.0077728988,NYA,14949.3496
2023-03-29,0.004995759,NYA,15123.96
2023-03-30,0.005759027,NYA,15200.5898
2023-03-31,0.0022870207,NYA,15374.9102
2023-04-03,0.0020376863,NYA,15487.7598
2023-04-04,0.0027548973,NYA,15374.1104
2023-04-05,0.0031217232,NYA,15368.2598
2023-04-06,0.003314129,NYA,15379.1299
2023-04-10,0.0028587298,NYA,15427.1797
2023-04-11,0.0024241614,NYA,15520.9199
2023-04-12,0.0024239488,NYA,15500.9297
2023-04-13,0.0026323672,NYA,15630.8896
2023-04-14,0.0021079166,NYA,15601.7803
2023-04-17,0.0023833348,NYA,15668.3398
2023-04-18,0.002360767,NYA,15684.96
2023-04-19,0.0023839397,NYA,15653.6201
2023-04-20,0.0036145227,NYA,15582.9404
2023-04-21,0.002535923,NYA,15578.9297
2023-04-24,0.0028129243,NYA,15606.71
2023-04-25,0.004281907,NYA,15363.5303
2023-04-26,0.0055618384,NYA,15228.5801
2023-04-27,0.0039383154,NYA,15431.6396
2023-04-28,0.0031689052,NYA,15545.8799
2023-05-01,0.004050826,NYA,15535.8896
2023-05-02,0.005257304,NYA,15314.8896
2023-05-03,0.006504941,NYA,15233.8496
2023-05-04,0.0065447483,NYA,15117.6699
2023-05-05,0.0043594013,NYA,15380.8701
2023-05-08,0.005061787,NYA,15391.2695
2023-05-09,0.005137198,NYA,15352.8096
2023-05-10,0.0051796567,NYA,15349.1699
2023-05-11,0.0060963207,NYA,15263.0703
2023-05-12,0.0049517206,NYA,15246.3604
2023-05-15,0.0035607961,NYA,15322.5596
2023-05-16,0.0047656344,NYA,15129.25
2023-05-17,0.0030677232,NYA,15313.9199
2023-05-18,0.0053620394,NYA,15345.4297
2023-05-19,0.0035613934,NYA,15324.3203
2023-05-22,0.003789888,NYA,15318.8496
2023-05-23,0.0044800653,NYA,15172.2695
2023-05-24,0.005273253,NYA,15022.8896
2023-05-25,0.0052349535,NYA,14975.9697
2023-05-26,0.0045639477,NYA,15078.6904
2023-05-30,0.005612322,NYA,14994.6396
2023-05-31,0.004877491,NYA,14887.1396
2023-06-01,0.0025559163,NYA,15031.0898
2023-06-02,0.0029409812,NYA,15345.1904
2023-06-05,0.004457938,NYA,15275.21
2023-06-06,0.0034560142,NYA,15391.7998
2023-06-07,0.0030072574,NYA,15469.6299
2023-06-08,0.0034799254,NYA,15502.6396
2023-06-09,0.0026617656,NYA,15499.9102
2023-06-12,0.0026238728,NYA,15548.4697
2023-06-13,0.0025012766,NYA,15667.79
2023-06-14,0.0026753196,NYA,15642.7305
2023-06-15,0.0023824102,NYA,15826.3496
2023-06-16,0.001782348,NYA,15795.1201
2023-06-20,0.0021922884,NYA,15648.9199
2023-06-21,0.002296282,NYA,15657.0
2023-06-22,0.0035490964,NYA,15600.7002
2023-06-23,0.0037469591,NYA,15469.3496
2023-06-26,0.0028968845,NYA,15518.7402
2023-06-27,0.0024984444,NYA,15646.6797
2023-06-28,0.0030329174,NYA,15617.3604
2023-06-29,0.0031659154,NYA,15737.3799
2023-06-30,0.0020449653,NYA,15875.9102
2023-07-03,0.0022975383,NYA,15918.5
2023-07-05,0.0026311025,NYA,15835.5303
2023-07-06,0.004696621,NYA,15641.6699
2023-07-07,0.0032477593,NYA,15671.6299
2023-07-10,0.0026432544,NYA,15748.8701
2023-07-11,0.0023157115,NYA,15897.3096
2023-07-12,0.0024629345,NYA,16011.2803
2023-07-13,0.0029279569,NYA,16106.8496
2023-07-14,0.0019873288,NYA,16040.2305
2023-07-17,0.0021907925,NYA,16054.1699
2023-07-18,0.0022685698,NYA,16156.5098
2023-07-19,0.0023196675,NYA,16230.9404
2023-07-20,0.0029332424,NYA,16263.71
2023-07-21,0.0019973726,NYA,16289.1201
2023-07-24,0.0024370367,NYA,16369.1396
2023-07-25,0.0023161802,NYA,16385.1699
2023-07-26,0.0021305557,NYA,16418.2109
2023-07-27,0.0031137778,NYA,16270.5996
2023-07-28,0.0018422068,NYA,16363.2598
2023-07-31,0.002144266,NYA,16427.2891
2023-08-01,0.0022944757,NYA,16356.5098
2023-08-02,0.0041622347,NYA,16174.54
2023-08-03,0.0048605124,NYA,16125.4199
2023-08-04,0.004168686,NYA,16071.0596
2023-08-07,0.0032914397,NYA,16208.2305
2023-08-08,0.004471204,NYA,16176.3496
2023-08-09,0.0040774555,NYA,16135.7695
2023-08-10,0.005602817,NYA,16135.2197
2023-08-11,0.003419019,NYA,16143.3799
2023-08-14,0.0040075374,NYA,16116.0498
2023-08-15,0.005100401,NYA,15911.3096
2023-08-16,0.00632256,NYA,15818.1104
2023-08-17,0.005528727,NYA,15734.3799
2023-08-18,0.005935446,NYA,15750.1699
2023-08-21,0.0068231854,NYA,15746.21
2023-08-22,0.005557455,NYA,15690.2803
2023-08-23,0.0028402547,NYA,15823.2695
2023-08-24,0.0055149845,NYA,15683.0098
2023-08-25,0.0036695933,NYA,15766.9102
2023-08-28,0.002308986,NYA,15879.5898
2023-08-29,0.0028989508,NYA,16041.4902
2023-08-30,0.0040083383,NYA,16074.2197
2023-08-31,0.0043999944,NYA,16000.3701
2023-09-01,0.0023376765,NYA,16091.79
2023-09-05,0.002446541,NYA,15942.4805
2023-09-06,0.0032585543,NYA,15891.5303
2023-09-07,0.003902506,NYA,15864.1904
2023-09-08,0.002308595,NYA,15878.9902
2023-09-11,0.0020719278,NYA,15949.4404
2023-09-12,0.0022612677,NYA,15953.9102
2023-09-13,0.0023451285,NYA,15926.6396
2023-09-14,0.0024501546,NYA,16089.4805
2023-09-15,0.0018420813,NYA,15973.6797
2023-09-18,0.002272761,NYA,15952.5195
2023-09-19,0.0028804396,NYA,15929.0098
2023-09-20,0.0031311412,NYA,15859.6201
2023-09-21,0.0048365537,NYA,15601.5996
2023-09-22,0.0050753746,NYA,15569.5098
2023-09-25,0.00497065,NYA,15593.7305
2023-09-26,0.0065309997,NYA,15381.5801
2023-09-27,0.0075840154,NYA,15394.6904
2023-09-28,0.0055453647,NYA,15478.0703
2023-09-29,0.0060415673,NYA,15398.21
2023-10-02,0.008429202,NYA,15230.0098
2023-10-03,0.008586171,NYA,15043.4199
2023-10-04,0.008234988,NYA,15070.9102
2023-10-05,0.0064306743,NYA,15072.9902
2023-10-06,0.005108652,NYA,15214.0195
2023-10-09,0.003021495,NYA,15318.0801
2023-10-10,0.0032065099,NYA,15450.2402
2023-10-11,0.0048249154,NYA,15487.7803
2023-10-12,0.0060195304,NYA,15329.5498
2023-10-13,0.0036676086,NYA,15323.7002
2023-10-16,0.0011999988,NYA,15484.5
2023-10-17,0.0028481018,NYA,15541.3799
2023-10-18,0.0042726393,NYA,15324.96
2023-10-19,0.005063603,NYA,15196.3701
2023-10-20,0.00497332,NYA,15033.3096
2023-10-23,0.006584433,NYA,14946.0098
2023-10-24,0.005261291,NYA,15025.7598
2023-10-25,0.006526587,NYA,14914.1201
2023-10-26,0.006344136,NYA,14858.7002
2023-10-27,0.0071431426,NYA,14675.7803
2023-10-30,0.0025824055,NYA,14825.8896
2023-10-31,0.0048256647,NYA,14919.2002
2023-11-01,0.004533083,NYA,15002.5498
2023-11-02,0.0033551925,NYA,15332.5996
2023-11-03,0.0035274127,NYA,15475.2002
2023-11-06,0.0038633544,NYA,15440.5
2023-11-07,0.0036300127,NYA,15388.4902
2023-11-08,0.003392548,NYA,15352.1904
2023-11-09,0.005274773,NYA,15235.1797
2023-11-10,0.0030165908,NYA,15388.4404
2023-11-13,0.003012285,NYA,15403.1396
2023-11-14,0.0021536734,NYA,15732.6699
2023-11-15,0.0028317599,NYA,15765.0195
2023-11-16,0.003022362,NYA,15716.5498
2023-11-17,0.0023188791,NYA,15813.46
2023-11-20,0.0025036181,NYA,15881.6299
2023-11-21,0.002571671,NYA,15861.5703
2023-11-22,0.0028270315,NYA,15907.8896
2023-11-24,0.0025911229,NYA,15983.8203
2023-11-27,0.0033639031,NYA,15930.8896
2023-11-28,0.0030353547,NYA,15929.1504
2023-11-29,0.0027291349,NYA,15962.9902
2023-11-30,0.0028472184,NYA,16088.8398
2023-12-01,0.0020610434,NYA,16263.75
2023-12-04,0.0024890099,NYA,16232.8203
2023-12-05,0.002635448,NYA,16123.04
2023-12-06,0.0026826693,NYA,16092.3701
2023-12-07,0.003364545,NYA,16136.8496
2023-12-08,0.0022895946,NYA,16207.7598
2023-12-11,0.0023380548,NYA,16274.4404
2023-12-12,0.0024045743,NYA,16285.9404
2023-12-13,0.002152372,NYA,16560.7109
2023-12-14,0.0022914258,NYA,16723.9199
2023-12-15,0.0019724134,NYA,16609.8398
2023-12-18,0.0025150464,NYA,16656.7598
2023-12-19,0.0023993824,NYA,16798.4004
2023-12-20,0.0037856682,NYA,16534.7207
2023-12-21,0.00282041,NYA,16724.9199
2023-12-22,0.0024493975,NYA,16770.4492
2023-12-26,0.0021099478,NYA,16859.4902
2023-12-27,0.0027964332,NYA,16898.3398
2023-12-28,0.0032161572,NYA,16890.5801
2023-12-29,0.0026568598,NYA,16852.8906
2024-01-02,0.0026400757,NYA,16841.6191
2024-01-03,0.0033240048,NYA,16718.6504
2024-01-04,0.0048544635,NYA,16715.7109
2024-01-05,0.003539602,NYA,16758.2402
2024-01-08,0.0021419744,NYA,16885.3691
2024-01-09,0.0026885392,NYA,16773.0703
2024-01-10,0.0026072492,NYA,16818.8809
2024-01-11,0.0033305257,NYA,16781.1191
2024-01-12,0.0017574147,NYA,16799.5391
2024-01-16,0.004146512,NYA,16639.3809
2024-01-17,0.0057019126,NYA,16522.8301
2024-01-18,0.0045055514,NYA,16616.2891
2024-01-19,0.003032538,NYA,16729.5508
2024-01-22,0.0031258536,NYA,16779.4902
2024-01-23,0.0039675576,NYA,16800.8594
2024-01-24,0.0031629414,NYA,16769.25
2024-01-25,0.002361423,NYA,16889.5195
2024-01-26,0.0013859965,NYA,16949.1094
2024-01-29,0.0017389664,NYA,17040.5996
2024-01-30,0.0021188736,NYA,17089.4609
2024-01-31,0.0026458292,NYA,16911.1309
2024-02-01,0.0021584113,NYA,17115.5801
2024-02-02,0.0018109473,NYA,17101.9707
2024-02-05,0.0020743038,NYA,17004.7793
2024-02-06,0.0019189822,NYA,17135.4805
2024-02-07,0.002147256,NYA,17212.3203
2024-02-08,0.0028941026,NYA,17252.3203
2024-02-09,0.0018074284,NYA,17275.8691
2024-02-12,0.0021467877,NYA,17332.4609
2024-02-13,0.0025219703,NYA,17068.5391
2024-02-14,0.0022075197,NYA,17240.1895
2024-02-15,0.002506666,NYA,17434.9297
2024-02-16,0.0022607262,NYA,17409.3008
2024-02-20,0.00193637,NYA,17340.1699
2024-02-21,0.0024097622,NYA,17382.6797
2024-02-22,0.0024545272,NYA,17565.0703
2024-02-23,0.0019875453,NYA,17616.0195
2024-02-26,0.0020594534,NYA,17566.6094
2024-02-27,0.0023730726,NYA,17598.3203
2024-02-28,0.0023358744,NYA,17573.6895
2024-02-29,0.0031954702,NYA,17607.4297
2024-03-01,0.0017819612,NYA,17728.2695
2024-03-04,0.0021569398,NYA,17748.6992
2024-03-05,0.0020931293,NYA,17669.4902
2024-03-06,0.002071214,NYA,17801.0391
2024-03-07,0.0025253198,NYA,17927.6191
2024-03-08,0.00172726,NYA,17889.6191
2024-03-11,0.0019826936,NYA,17863.6895
2024-03-12,0.001984716,NYA,17974.0605
2024-03-13,0.0021527796,NYA,18018.6309
2024-03-14,0.0033657344,NYA,17886.2695
2024-03-15,0.0019256474,NYA,17848.0801
2024-03-18,0.0019062517,NYA,17882.3105
2024-03-19,0.0020517327,NYA,17975.7891
2024-03-20,0.0019515075,NYA,18130.0801
2024-03-21,0.0026633625,NYA,18214.1191
2024-03-22,0.0016554146,NYA,18112.0391
2024-03-25,0.0019543502,NYA,18077.1504
2024-03-26,0.0021243158,NYA,18059.1895
2024-03-27,0.0018591263,NYA,18255.2402
2024-03-28,0.00275707,NYA,18312.6699
2024-04-01,0.0021035292,NYA,18216.1895
2024-04-02,0.0016232814,NYA,18107.5293
2024-04-03,0.0020812068,NYA,18146.6406
2024-04-04,0.0038145948,NYA,17982.4902
2024-04-05,0.0018501041,NYA,18122.2598
2024-04-08,0.0014929422,NYA,18154.3691
2024-04-09,0.0019386363,NYA,18171.1992
2024-04-10,0.00457425,NYA,17947.3008
2024-04-11,0.006263206,NYA,17915.1992
2024-04-12,0.005879572,NYA,17639.0391
2024-04-15,0.0077466182,NYA,17506.9297
2024-04-16,0.0074401195,NYA,17413.9805
2024-04-17,0.0074893394,NYA,17403.4395
2024-04-18,0.00591398,NYA,17388.0898
2024-04-19,0.0054860064,NYA,17458.7695
2024-04-22,0.00095728145,NYA,17602.1895
2024-04-23,0.0023954108,NYA,17792.7598
2024-04-24,0.0032082973,NYA,17758.0801
2024-04-25,0.005085711,NYA,17731.5605
2024-04-26,0.0024143981,NYA,17763.2695
2024-04-29,0.002106675,NYA,17831.0703
2024-04-30,0.0037159154,NYA,17603.3398
2024-05-01,0.0043381173,NYA,17576.3906
2024-05-02,0.0034662958,NYA,17699.0508
2024-05-03,0.0019584454,NYA,17797.8906
2024-05-06,0.0014064474,NYA,17963.8398
2024-05-07,0.002053289,NYA,17994.2695
2024-05-08,0.0021190913,NYA,17996.0293
2024-05-09,0.0023950613,NYA,18127.2109
2024-05-10,0.0017506181,NYA,18162.0508
2024-05-13,0.0021687453,NYA,18133.9492
2024-05-14,0.0021193326,NYA,18220.8105
2024-05-15,0.002094342,NYA,18378.4902
2024-05-16,0.0029123393,NYA,18317.3809
2024-05-17,0.0017741441,NYA,18388.2598
2024-05-20,0.0020373769,NYA,18335.6191
2024-05-21,0.0019338768,NYA,18337.9102
2024-05-22,0.00205215,NYA,18236.6406
2024-05-23,0.0037197508,NYA,18028.4707
2024-05-24,0.0024470517,NYA,18110.5996
2024-05-28,0.0022517696,NYA,18007.0098
2024-05-29,0.0060256133,NYA,17794.8906
2024-05-30,0.0057224142,NYA,17852.3594
2024-05-31,0.00250173,NYA,18083.6895
2024-06-03,0.003396315,NYA,18006.9609
2024-06-04,0.003828231,NYA,17934.4902
2024-06-05,0.0032516588,NYA,18045.5
2024-06-06,0.004856499,NYA,18066.5703
2024-06-07,0.0035511632,NYA,17985.6309
2024-06-10,0.0022835657,NYA,18037.5293
2024-06-11,0.0029066468,NYA,17919.1094
2024-06-12,0.002500414,NYA,18005.9492
2024-06-13,0.004144508,NYA,17923.4102
2024-06-14,0.0036525128,NYA,17817.2598
2024-06-17,0.0013902853,NYA,17902.25
2024-06-18,0.0024120228,NYA,17967.8496
2024-06-20,0.0035056665,NYA,18015.9492
2024-06-21,0.001842158,NYA,17995.6895
2024-06-24,0.0011629526,NYA,18126.6895
2024-06-25,0.001908158,NYA,18051.0
2024-06-26,0.0021126647,NYA,17993.7891
2024-06-27,0.0033611828,NYA,18009.0898
2024-06-28,0.0015356591,NYA,18026.5
2024-07-01,0.002408558,NYA,17957.0508
2024-07-02,0.001717671,NYA,18028.1699
2024-07-03,0.0016995255,NYA,18091.6504
2024-07-05,0.0014773178,NYA,18098.9004
2024-07-08,0.002100797,NYA,18087.8691
2024-07-09,0.00203062,NYA,18048.5801
2024-07-10,0.0018177553,NYA,18215.1797
2024-07-11,0.002298991,NYA,18379.7402
2024-07-12,0.0016113137,NYA,18505.9199
2024-07-15,0.0021859219,NYA,18525.0898
2024-07-16,0.0018264176,NYA,18781.2207
2024-07-17,0.002136061,NYA,18712.4805
2024-07-18,0.0028780834,NYA,18513.7402
2024-07-19,0.0024925754,NYA,18406.0508
2024-07-22,0.0016594742,NYA,18539.1406
2024-07-23,0.0022024806,NYA,18518.3398
2024-07-24,0.0037784406,NYA,18308.4199
2024-07-25,0.003984897,NYA,18344.4609
2024-07-26,0.0016098369,NYA,18564.4805
2024-07-29,0.0019840568,NYA,18539.3691
2024-07-30,0.0021994046,NYA,18580.5801
2024-07-31,0.002246548,NYA,18710.0098
2024-08-01,0.004002977,NYA,18493.2305
2024-08-02,0.004173266,NYA,18162.2598
2024-08-05,0.009543723,NYA,17725.1797
2024-08-06,0.006582729,NYA,17922.5508
2024-08-07,0.0074872384,NYA,17838.8105
2024-08-08,0.0038794857,NYA,18186.1191
2024-08-09,0.0042963014,NYA,18267.1504
2024-08-12,0.005004029,NYA,18206.3906
2024-08-13,0.0032264371,NYA,18402.3105
2024-08-14,0.004197168,NYA,18498.0898
2024-08-15,0.0018107046,NYA,18706.5195
2024-08-16,0.0020878913,NYA,18753.7695
2024-08-19,0.0017381696,NYA,18882.0391
2024-08-20,0.0029029897,NYA,18802.2402
2024-08-21,0.0025917378,NYA,18902.5
2024-08-22,0.0027561493,NYA,18850.8496
2024-08-23,0.0017007162,NYA,19093.4805
2024-08-26,0.0022091472,NYA,19100.4004
2024-08-27,0.002045074,NYA,19119.3105
2024-08-28,0.0021737092,NYA,19064.4297
2024-08-29,0.002559391,NYA,19149.5391
2024-08-30,0.0019608615,NYA,19292.2305
2024-09-03,0.0024041845,NYA,19017.4199
2024-09-04,0.0025469426,NYA,19001.9199
2024-09-05,0.004136276,NYA,18878.0195
2024-09-06,0.0042453967,NYA,18663.1406
2024-09-09,0.0026451228,NYA,18859.6895
2024-09-10,0.0040986314,NYA,18822.2207
2024-09-11,0.0033027877,NYA,18866.6309
2024-09-12,0.0037983782,NYA,18987.9004
2024-09-13,0.00296232,NYA,19121.5
2024-09-16,0.0020048714,NYA,19256.3809
2024-09-17,0.0022671123,NYA,19225.7793
2024-09-18,0.001918326,NYA,19195.5605
2024-09-19,0.0019516338,NYA,19432.4199
2024-09-20,0.0018762153,NYA,19373.7402
2024-09-23,0.0014268839,NYA,19445.4297
2024-09-24,0.001939792,NYA,19506.5508
2024-09-25,0.0018161713,NYA,19381.1797
2024-09-26,0.002164981,NYA,19501.7207
2024-09-27,0.0015179384,NYA,19501.2207
2024-09-30,0.0015932746,NYA,19516.4395
2024-10-01,0.0018029659,NYA,19473.9297
2024-10-02,0.0017944175,NYA,19481.7891
2024-10-03,0.0029972435,NYA,19387.6797
2024-10-04,0.0016281224,NYA,19538.6797
2024-10-07,0.0017885847,NYA,19432.3008
2024-10-08,0.0017833844,NYA,19435.0293
2024-10-09,0.0016739933,NYA,19547.0898
2024-10-10,0.002774403,NYA,19496.0098
2024-10-11,0.0012247306,NYA,19711.2207
2024-10-14,0.0018590733,NYA,19814.5508
2024-10-15,0.0018782301,NYA,19678.7109
2024-10-16,0.0018002238,NYA,19825.4902
2024-10-17,0.002573892,NYA,19855.2598
2024-10-18,0.0015070575,NYA,19884.8105
2024-10-21,0.0019145568,NYA,19720.3203
2024-10-22,0.0016329961,NYA,19664.5801
2024-10-23,0.0024552827,NYA,19594.2402
2024-10-24,0.0031882303,NYA,19560.7305
2024-10-25,0.0037448201,NYA,19456.2695
2024-10-28,0.00221965,NYA,19549.6699
2024-10-29,0.0027325,NYA,19456.6895
2024-10-30,0.0026900375,NYA,19416.2695
2024-10-31,0.0041574696,NYA,19238.9492
2024-11-01,0.004507938,NYA,19253.5391
2024-11-04,0.0040254053,NYA,19243.3906
2024-11-05,0.0013189991,NYA,19463.7891
2024-11-06,0.0017918797,NYA,19828.0
2024-11-07,0.0042932425,NYA,19876.0996
2024-11-08,0.0015551618,NYA,19937.1309
2024-11-11,0.0020334404,NYA,20015.8691
2024-11-12,0.0021524692,NYA,19853.2891
2024-11-13,0.0021592523,NYA,19845.4199
2024-11-14,0.0032039464,NYA,19733.5801
2024-11-15,0.0027231146,NYA,19645.7695
2024-11-18,0.002137783,NYA,19718.4199
2024-11-19,0.0017121232,NYA,19718.25
2024-11-20,0.0016463725,NYA,19749.1309
2024-11-21,0.0018320639,NYA,19968.3008
2024-11-22,0.0015069951,NYA,20123.4492
2024-11-25,0.0017109939,NYA,20220.3594
2024-11-26,0.002059222,NYA,20219.4492
2024-11-27,0.002007403,NYA,20209.8203
2024-11-29,0.0016795861,NYA,20272.0391
2024-12-02,0.0024314623,NYA,20213.2207
2024-12-03,0.0020980542,NYA,20185.8105
2024-12-04,0.0020791383,NYA,20188.5996
2024-12-05,0.0025983648,NYA,20157.4395
2024-12-06,0.0016902091,NYA,20107.7891
2024-12-09,0.0015082262,NYA,20006.2598
2024-12-10,0.0013947281,NYA,19881.9004
2024-12-11,0.0021116047,NYA,19891.0293
2024-12-12,0.004739825,NYA,19769.0898
2024-12-13,0.004882896,NYA,19729.3691
2024-12-16,0.006044261,NYA,19627.6797
2024-12-17,0.005642142,NYA,19517.6094
2024-12-18,0.008590571,NYA,18986.9609
2024-12-19,0.00816387,NYA,18958.2109
2024-12-20,0.0046270485,NYA,19119.4395
2024-12-23,0.0075830417,NYA,19207.1094
2024-12-24,0.0020532545,NYA,19341.4805
2024-12-26,0.0047970014,NYA,19364.5
2024-12-27,0.0055494374,NYA,19238.4805
2024-12-30,0.0068867747,NYA,19077.9297
